PL_Code,PL_Code_Normalized,Length,Issue_Type,Changed
0150N90,15090,7,LeadingZero+Len6,Yes
0150N901,150901,8,LeadingZero+Len7,Yes
301001320132,301001320132,12,Len12,No
332104850037,332104850037,12,Len12,No
396800140020,396800140020,12,Len12,No
400600041170,400600041170,12,Len12,No
40070359,40070359,8,Len8,No
401107494209,401107494209,12,Len12,No
402500150037,402500150037,12,Len12,No
405000010983,405000010983,12,Len12,No
409002561998,409002561998,12,Len12,No
409005470025,409005470025,12,Len12,No
40981381,40981381,8,Len8,No
41095066,41095066,8,Len8,No
421100070120,421100070120,12,Len12,No
423500060515,423500060515,12,Len12,No
429079389199,429079389199,12,Len12,No
430200021416,430200021416,12,Len12,No
430200021910,430200021910,12,Len12,No
430200028538,430200028538,12,Len12,No
430600150050,430600150050,12,Len12,No
430800071030,430800071030,12,Len12,No
430800071042,430800071042,12,Len12,No
430800141263,430800141263,12,Len12,No
431002240078,431002240078,12,Len12,No
431500022334,431500022334,12,Len12,No
432900164003,432900164003,12,Len12,No
45174404/45174416,4517440445174416,17,Composite+Len16,Yes
45174416,45174416,8,Len8,No
460151414110,460151414110,12,Len12,No
461500560400,461500560400,12,Len12,No
462100771569,462100771569,12,Len12,No
464214132778,464214132778,12,Len12,No
469033852322,469033852322,12,Len12,No
469041991352,469041991352,12,Len12,No
469062580055,469062580055,12,Len12,No
469863050743,469863050743,12,Len12,No
470200493776,470200493776,12,Len12,No
470501710375,470501710375,12,Len12,No
47200054/47200250,4720005447200250,17,Composite+Len16,Yes
47200250,47200250,8,Len8,No
500101070025,500101070025,12,Len12,No
500101140210,500101140210,12,Len12,No
500103311305,500103311305,12,Len12,No
500103311482,500103311482,12,Len12,No
500500340048,500500340048,12,Len12,No
500500680030,500500680030,12,Len12,No
500501490650,500501490650,12,Len12,No
500502510050,500502510050,12,Len12,No
500600111902,500600111902,12,Len12,No
500600571445,500600571445,12,Len12,No
500601240060,500601240060,12,Len12,No
501000013450,501000013450,12,Len12,No
501000014155,501000014155,12,Len12,No
501000103553,501000103553,12,Len12,No
501000243442,501000243442,12,Len12,No
501000263740,501000263740,12,Len12,No
501000264214,501000264214,12,Len12,No
501000264226,501000264226,12,Len12,No
501000267963,501000267963,12,Len12,No
501000423936,501000423936,12,Len12,No
501000424023,501000424023,12,Len12,No
501000425167,501000425167,12,Len12,No
501024510020,501024510020,12,Len12,No
501024520024,501024520024,12,Len12,No
501025160027,501025160027,12,Len12,No
501025180026,501025180026,12,Len12,No
501027170097,501027170097,12,Len12,No
501027170127,501027170127,12,Len12,No
501027710020,501027710020,12,Len12,No
501027730029,501027730029,12,Len12,No
501027960084,501027960084,12,Len12,No
501027960102,501027960102,12,Len12,No
501027960230,501027960230,12,Len12,No
501300041401,501300041401,12,Len12,No
501300041644,501300041644,12,Len12,No
501300043185,501300043185,12,Len12,No
501300520510,501300520510,12,Len12,No
50132453,50132453,8,Len8,No
50132600,50132600,8,Len8,No
501400350020,501400350020,12,Len12,No
501500320073,501500320073,12,Len12,No
501800084620,501800084620,12,Len12,No
501800084632,501800084632,12,Len12,No
501800084863,501800084863,12,Len12,No
501800085636,501800085636,12,Len12,No
501800085650,501800085650,12,Len12,No
501800092290,501800092290,12,Len12,No
501800242845,501800242845,12,Len12,No
501800242869,501800242869,12,Len12,No
501800242936,501800242936,12,Len12,No
501800242997,501800242997,12,Len12,No
501800243000,501800243000,12,Len12,No
501800243291,501800243291,12,Len12,No
501800331830,501800331830,12,Len12,No
501800331842,501800331842,12,Len12,No
501800472632,501800472632,12,Len12,No
501801000043,501801000043,12,Len12,No
501801220031,501801220031,12,Len12,No
501802180077,501802180077,12,Len12,No
501802180089,501802180089,12,Len12,No
501802180107,501802180107,12,Len12,No
501802580020,501802580020,12,Len12,No
501802840028,501802840028,12,Len12,No
501803720020,501803720020,12,Len12,No
501805440141,501805440141,12,Len12,No
501806660197,501806660197,12,Len12,No
501806990069,501806990069,12,Len12,No
501900030062,501900030062,12,Len12,No
50210014,50210014,8,Len8,No
502200010089,502200010089,12,Len12,No
502200280020,502200280020,12,Len12,No
502200620700,502200620700,12,Len12,No
502200630160,502200630160,12,Len12,No
50231832/50231881,5023183250231881,17,Composite+Len16,Yes
50231881,50231881,8,Len8,No
50231959,50231959,8,Len8,No
50232319,50232319,8,Len8,No
502323201614,502323201614,12,Len12,No
50232356/50232319,5023235650232319,17,Composite+Len16,Yes
502355280027,502355280027,12,Len12,No
502355280052,502355280052,12,Len12,No
502355280088,502355280088,12,Len12,No
502355360989,502355360989,12,Len12,No
502355360990,502355360990,12,Len12,No
502355361120,502355361120,12,Len12,No
502355441175,502355441175,12,Len12,No
502355561004,502355561004,12,Len12,No
502355770020,502355770020,12,Len12,No
502355990020,502355990020,12,Len12,No
502356050030,502356050030,12,Len12,No
502356170035,502356170035,12,Len12,No
502357760028,502357760028,12,Len12,No
502358450035,502358450035,12,Len12,No
503523190684,503523190684,12,Len12,No
503523410740,503523410740,12,Len12,No
503523410891,503523410891,12,Len12,No
503524320022,503524320022,12,Len12,No
503524530030,503524530030,12,Len12,No
503525160026,503525160026,12,Len12,No
503526680029,503526680029,12,Len12,No
50353603,50353603,8,Len8,No
50360693/50370110,5036069350370110,17,Composite+Len16,Yes
50370080,50370080,8,Len8,No
50370110,50370110,8,Len8,No
505200020031,505200020031,12,Len12,No
50540324,50540324,8,Len8,No
50541523,50541523,8,Len8,No
50550081,50550081,8,Len8,No
505600050154,505600050154,12,Len12,No
505600260124,505600260124,12,Len12,No
508102260044,508102260044,12,Len12,No
508310190031,508310190031,12,Len12,No
508311040065,508311040065,12,Len12,No
508311720090,508311720090,12,Len12,No
508312590024,508312590024,12,Len12,No
508313220095,508313220095,12,Len12,No
508313320053,508313320053,12,Len12,No
508313550058,508313550058,12,Len12,No
508500010799,508500010799,12,Len12,No
508500260020,508500260020,12,Len12,No
508500690051,508500690051,12,Len12,No
508501090018,508501090018,12,Len12,No
508501360022,508501360022,12,Len12,No
508502470029,508502470029,12,Len12,No
508503310060,508503310060,12,Len12,No
508503570895,508503570895,12,Len12,No
509000146221,509000146221,12,Len12,No
509000146233,509000146233,12,Len12,No
509000150169,509000150169,12,Len12,No
509000166232,509000166232,12,Len12,No
509000218050,509000218050,12,Len12,No
509000229606,509000229606,12,Len12,No
509000286237,509000286237,12,Len12,No
509000349855,509000349855,12,Len12,No
509000355880,509000355880,12,Len12,No
509000355909,509000355909,12,Len12,No
509000355910,509000355910,12,Len12,No
509000396559,509000396559,12,Len12,No
509000404337,509000404337,12,Len12,No
509000404404,509000404404,12,Len12,No
509000405457,509000405457,12,Len12,No
509000422789,509000422789,12,Len12,No
509000506870,509000506870,12,Len12,No
509004730016,509004730016,12,Len12,No
509006510032,509006510032,12,Len12,No
509009700026,509009700026,12,Len12,No
509009700038,509009700038,12,Len12,No
509010050044,509010050044,12,Len12,No
509010050056,509010050056,12,Len12,No
50901126,50901126,8,Len8,No
509040374230,509040374230,12,Len12,No
509040475288,509040475288,12,Len12,No
509040546672,509040546672,12,Len12,No
509041036045,509041036045,12,Len12,No
509041067327,509041067327,12,Len12,No
509041390412,509041390412,12,Len12,No
509041760069,509041760069,12,Len12,No
509042120027,509042120027,12,Len12,No
509042120039,509042120039,12,Len12,No
509042510220,509042510220,12,Len12,No
509044610034,509044610034,12,Len12,No
509048210051,509048210051,12,Len12,No
509051280160,509051280160,12,Len12,No
509051570101,509051570101,12,Len12,No
520500401633,520500401633,12,Len12,No
520500451223,520500451223,12,Len12,No
520500451430,520500451430,12,Len12,No
520500451508,520500451508,12,Len12,No
520501510910,520501510910,12,Len12,No
520502200035,520502200035,12,Len12,No
520502281606,520502281606,12,Len12,No
520504030030,520504030030,12,Len12,No
520504660025,520504660025,12,Len12,No
520508390028,520508390028,12,Len12,No
520508390065,520508390065,12,Len12,No
520508600060,520508600060,12,Len12,No
520508600072,520508600072,12,Len12,No
520508600096,520508600096,12,Len12,No
520508600102,520508600102,12,Len12,No
520508600114,520508600114,12,Len12,No
520508600126,520508600126,12,Len12,No
520508600140,520508600140,12,Len12,No
520508600163,520508600163,12,Len12,No
520508600175,520508600175,12,Len12,No
520512200020,520512200020,12,Len12,No
520800260150,520800260150,12,Len12,No
521000590026,521000590026,12,Len12,No
521100030158,521100030158,12,Len12,No
521100030390,521100030390,12,Len12,No
521100040050,521100040050,12,Len12,No
521100050194,521100050194,12,Len12,No
521100050200,521100050200,12,Len12,No
521100050224,521100050224,12,Len12,No
521100050236,521100050236,12,Len12,No
521100080484,521100080484,12,Len12,No
521100120135,521100120135,12,Len12,No
521100530027,521100530027,12,Len12,No
521100810024,521100810024,12,Len12,No
521102480039,521102480039,12,Len12,No
521102480040,521102480040,12,Len12,No
521104340026,521104340026,12,Len12,No
521501630045,521501630045,12,Len12,No
52156576/56500452,5215657656500452,17,Composite+Len16,Yes
52156618/56509935,5215661856509935,17,Composite+Len16,Yes
521566280429,521566280429,12,Len12,No
521566280430,521566280430,12,Len12,No
521566280739,521566280739,12,Len12,No
521566390193,521566390193,12,Len12,No
521566390223,521566390223,12,Len12,No
521566390247,521566390247,12,Len12,No
521566390272,521566390272,12,Len12,No
521566390284,521566390284,12,Len12,No
521566390387,521566390387,12,Len12,No
521700101899,521700101899,12,Len12,No
521700102340,521700102340,12,Len12,No
521700102363,521700102363,12,Len12,No
521700102600,521700102600,12,Len12,No
521700102715,521700102715,12,Len12,No
521700102995,521700102995,12,Len12,No
521700130127,521700130127,12,Len12,No
521700270090,521700270090,12,Len12,No
521700270120,521700270120,12,Len12,No
521700270156,521700270156,12,Len12,No
521700350127,521700350127,12,Len12,No
522002010024,522002010024,12,Len12,No
522002180021,522002180021,12,Len12,No
522002180033,522002180033,12,Len12,No
522004290085,522004290085,12,Len12,No
522004290103,522004290103,12,Len12,No
522004290115,522004290115,12,Len12,No
522004290127,522004290127,12,Len12,No
522004290139,522004290139,12,Len12,No
522005520025,522005520025,12,Len12,No
522005910022,522005910022,12,Len12,No
522500060207,522500060207,12,Len12,No
522500060268,522500060268,12,Len12,No
523000460025,523000460025,12,Len12,No
523000470511,523000470511,12,Len12,No
523000590061,523000590061,12,Len12,No
523000600066,523000600066,12,Len12,No
523000710121,523000710121,12,Len12,No
523000830047,523000830047,12,Len12,No
523000830059,523000830059,12,Len12,No
523000830060,523000830060,12,Len12,No
523000830072,523000830072,12,Len12,No
523000830084,523000830084,12,Len12,No
523000830096,523000830096,12,Len12,No
523000830102,523000830102,12,Len12,No
523000830126,523000830126,12,Len12,No
523000830138,523000830138,12,Len12,No
523000830140,523000830140,12,Len12,No
523000830151,523000830151,12,Len12,No
525500230316,525500230316,12,Len12,No
527900042963,527900042963,12,Len12,No
527900045101,527900045101,12,Len12,No
527900045113,527900045113,12,Len12,No
527900045265,527900045265,12,Len12,No
527900045289,527900045289,12,Len12,No
527900045903,527900045903,12,Len12,No
527900045915,527900045915,12,Len12,No
527900046506,527900046506,12,Len12,No
527900062767,527900062767,12,Len12,No
527900082614,527900082614,12,Len12,No
527900312176,527900312176,12,Len12,No
527900313326,527900313326,12,Len12,No
527900430653,527900430653,12,Len12,No
527900442771,527900442771,12,Len12,No
527900443040,527900443040,12,Len12,No
527900510650,527900510650,12,Len12,No
527900510727,527900510727,12,Len12,No
527900510739,527900510739,12,Len12,No
527900510740,527900510740,12,Len12,No
527900510752,527900510752,12,Len12,No
527900510788,527900510788,12,Len12,No
527901140087,527901140087,12,Len12,No
527901140130,527901140130,12,Len12,No
527901460094,527901460094,12,Len12,No
527902350041,527902350041,12,Len12,No
527902350065,527902350065,12,Len12,No
527903380041,527903380041,12,Len12,No
527903920072,527903920072,12,Len12,No
527905800227,527905800227,12,Len12,No
527905800240,527905800240,12,Len12,No
527905800290,527905800290,12,Len12,No
527905800318,527905800318,12,Len12,No
527905800320,527905800320,12,Len12,No
527905800343,527905800343,12,Len12,No
527905800355,527905800355,12,Len12,No
527905800379,527905800379,12,Len12,No
527905800380,527905800380,12,Len12,No
527905800422,527905800422,12,Len12,No
527907360024,527907360024,12,Len12,No
527907360036,527907360036,12,Len12,No
528100010050,528100010050,12,Len12,No
528100010103,528100010103,12,Len12,No
528100030023,528100030023,12,Len12,No
528700080244,528700080244,12,Len12,No
528700380033,528700380033,12,Len12,No
528700380045,528700380045,12,Len12,No
529001730054,529001730054,12,Len12,No
529001880441,529001880441,12,Len12,No
529001880453,529001880453,12,Len12,No
529002070025,529002070025,12,Len12,No
529002520079,529002520079,12,Len12,No
529002520109,529002520109,12,Len12,No
529003560279,529003560279,12,Len12,No
529004840030,529004840030,12,Len12,No
529006340035,529006340035,12,Len12,No
529006590027,529006590027,12,Len12,No
529008670087,529008670087,12,Len12,No
529008670099,529008670099,12,Len12,No
529009640030,529009640030,12,Len12,No
529009640042,529009640042,12,Len12,No
529012410027,529012410027,12,Len12,No
529012410039,529012410039,12,Len12,No
529012890025,529012890025,12,Len12,No
529012920091,529012920091,12,Len12,No
529013630023,529013630023,12,Len12,No
529013630035,529013630035,12,Len12,No
529014480033,529014480033,12,Len12,No
529018700027,529018700027,12,Len12,No
529021160036,529021160036,12,Len12,No
529900070051,529900070051,12,Len12,No
529900350047,529900350047,12,Len12,No
539800055337,539800055337,12,Len12,No
539800111080,539800111080,12,Len12,No
539800218676,539800218676,12,Len12,No
539800218688,539800218688,12,Len12,No
539800218690,539800218690,12,Len12,No
539800448128,539800448128,12,Len12,No
539800448130,539800448130,12,Len12,No
539800448189,539800448189,12,Len12,No
539800448190,539800448190,12,Len12,No
539800448281,539800448281,12,Len12,No
539800456678,539800456678,12,Len12,No
539800456903,539800456903,12,Len12,No
539800469648,539800469648,12,Len12,No
539800493572,539800493572,12,Len12,No
539800639499,539800639499,12,Len12,No
539800699782,539800699782,12,Len12,No
539800819635,539800819635,12,Len12,No
539800829501,539800829501,12,Len12,No
539801039390,539801039390,12,Len12,No
539801361018,539801361018,12,Len12,No
539801361468,539801361468,12,Len12,No
539801395296,539801395296,12,Len12,No
539801396203,539801396203,12,Len12,No
539801396525,539801396525,12,Len12,No
539801431227,539801431227,12,Len12,No
539801431239,539801431239,12,Len12,No
539801431276,539801431276,12,Len12,No
539801431288,539801431288,12,Len12,No
539801448823,539801448823,12,Len12,No
539801491121,539801491121,12,Len12,No
539801491133,539801491133,12,Len12,No
539801491145,539801491145,12,Len12,No
539801491157,539801491157,12,Len12,No
539801491169,539801491169,12,Len12,No
539801538514,539801538514,12,Len12,No
539801568695,539801568695,12,Len12,No
539801568713,539801568713,12,Len12,No
539801568725,539801568725,12,Len12,No
539801591796,539801591796,12,Len12,No
539801592053,539801592053,12,Len12,No
539801657679,539801657679,12,Len12,No
539801669852,539801669852,12,Len12,No
539801778410,539801778410,12,Len12,No
539801778483,539801778483,12,Len12,No
539801778495,539801778495,12,Len12,No
539801779256,539801779256,12,Len12,No
539801779517,539801779517,12,Len12,No
539801779700,539801779700,12,Len12,No
539801779724,539801779724,12,Len12,No
539801784410,539801784410,12,Len12,No
539801784744,539801784744,12,Len12,No
539801849015,539801849015,12,Len12,No
539801849027,539801849027,12,Len12,No
539801901815,539801901815,12,Len12,No
539801916260,539801916260,12,Len12,No
539801992328,539801992328,12,Len12,No
539802239713,539802239713,12,Len12,No
539802239981,539802239981,12,Len12,No
539802259074,539802259074,12,Len12,No
539802259141,539802259141,12,Len12,No
539802259438,539802259438,12,Len12,No
539802295820,539802295820,12,Len12,No
539802297245,539802297245,12,Len12,No
539802298778,539802298778,12,Len12,No
539802299242,539802299242,12,Len12,No
539802299618,539802299618,12,Len12,No
539802318560,539802318560,12,Len12,No
539802319137,539802319137,12,Len12,No
539802319162,539802319162,12,Len12,No
539802319174,539802319174,12,Len12,No
539802319253,539802319253,12,Len12,No
539802319320,539802319320,12,Len12,No
539802319356,539802319356,12,Len12,No
539802319368,539802319368,12,Len12,No
539802398608,539802398608,12,Len12,No
539802398633,539802398633,12,Len12,No
539802398682,539802398682,12,Len12,No
539802398700,539802398700,12,Len12,No
539802398724,539802398724,12,Len12,No
539802399390,539802399390,12,Len12,No
539802401190,539802401190,12,Len12,No
539802545800,539802545800,12,Len12,No
539802601335,539802601335,12,Len12,No
539802615050,539802615050,12,Len12,No
539802616569,539802616569,12,Len12,No
539802616703,539802616703,12,Len12,No
539802648698,539802648698,12,Len12,No
539802648730,539802648730,12,Len12,No
539802649320,539802649320,12,Len12,No
539802674340,539802674340,12,Len12,No
539802674570,539802674570,12,Len12,No
539802685427,539802685427,12,Len12,No
539802804118,539802804118,12,Len12,No
539802804167,539802804167,12,Len12,No
539802804179,539802804179,12,Len12,No
539802805135,539802805135,12,Len12,No
539802831377,539802831377,12,Len12,No
539802851959,539802851959,12,Len12,No
539802852010,539802852010,12,Len12,No
539802862386,539802862386,12,Len12,No
539802896049,539802896049,12,Len12,No
539802900879,539802900879,12,Len12,No
539802982203,539802982203,12,Len12,No
539802996380,539802996380,12,Len12,No
539802996457,539802996457,12,Len12,No
539803344280,539803344280,12,Len12,No
539803505494,539803505494,12,Len12,No
539803505500,539803505500,12,Len12,No
539803505512,539803505512,12,Len12,No
539803505688,539803505688,12,Len12,No
539803680036,539803680036,12,Len12,No
539803680048,539803680048,12,Len12,No
539803716997,539803716997,12,Len12,No
539803717000,539803717000,12,Len12,No
539803717059,539803717059,12,Len12,No
539803717102,539803717102,12,Len12,No
539804054789,539804054789,12,Len12,No
539804082608,539804082608,12,Len12,No
539804082610,539804082610,12,Len12,No
539804082797,539804082797,12,Len12,No
539804140372,539804140372,12,Len12,No
539804447143,539804447143,12,Len12,No
539804447179,539804447179,12,Len12,No
539804447234,539804447234,12,Len12,No
539804447416,539804447416,12,Len12,No
539804450166,539804450166,12,Len12,No
539804450269,539804450269,12,Len12,No
539804468353,539804468353,12,Len12,No
539804489952,539804489952,12,Len12,No
539804531166,539804531166,12,Len12,No
539804531324,539804531324,12,Len12,No
539804531403,539804531403,12,Len12,No
539804575674,539804575674,12,Len12,No
539804575704,539804575704,12,Len12,No
539804575807,539804575807,12,Len12,No
539804581248,539804581248,12,Len12,No
539804721137,539804721137,12,Len12,No
539804751828,539804751828,12,Len12,No
539804752183,539804752183,12,Len12,No
539804752201,539804752201,12,Len12,No
539804752225,539804752225,12,Len12,No
539804753072,539804753072,12,Len12,No
539804753989,539804753989,12,Len12,No
539804754143,539804754143,12,Len12,No
539804754222,539804754222,12,Len12,No
539804776369,539804776369,12,Len12,No
539804830637,539804830637,12,Len12,No
539804978320,539804978320,12,Len12,No
539804978872,539804978872,12,Len12,No
539804978914,539804978914,12,Len12,No
539804999371,539804999371,12,Len12,No
539805021391,539805021391,12,Len12,No
539805021573,539805021573,12,Len12,No
539805021810,539805021810,12,Len12,No
539805021962,539805021962,12,Len12,No
539805021974,539805021974,12,Len12,No
539805022140,539805022140,12,Len12,No
539805022309,539805022309,12,Len12,No
539805022450,539805022450,12,Len12,No
539805022772,539805022772,12,Len12,No
539805022784,539805022784,12,Len12,No
539805022942,539805022942,12,Len12,No
539805023351,539805023351,12,Len12,No
539805023648,539805023648,12,Len12,No
539805023673,539805023673,12,Len12,No
539805023685,539805023685,12,Len12,No
539805023971,539805023971,12,Len12,No
539805024100,539805024100,12,Len12,No
539805024112,539805024112,12,Len12,No
539805024124,539805024124,12,Len12,No
539805024136,539805024136,12,Len12,No
539805024148,539805024148,12,Len12,No
539805024690,539805024690,12,Len12,No
539805024707,539805024707,12,Len12,No
539805024719,539805024719,12,Len12,No
539805046442,539805046442,12,Len12,No
539805046570,539805046570,12,Len12,No
539805069326,539805069326,12,Len12,No
539805069480,539805069480,12,Len12,No
539805069521,539805069521,12,Len12,No
539805069661,539805069661,12,Len12,No
539805107303,539805107303,12,Len12,No
539805124118,539805124118,12,Len12,No
539805124167,539805124167,12,Len12,No
539805290020,539805290020,12,Len12,No
539805350052,539805350052,12,Len12,No
539805423687,539805423687,12,Len12,No
539805423699,539805423699,12,Len12,No
539805423857,539805423857,12,Len12,No
539805423912,539805423912,12,Len12,No
539805423924,539805423924,12,Len12,No
539805559238,539805559238,12,Len12,No
539805714955,539805714955,12,Len12,No
539805721194,539805721194,12,Len12,No
539805734220,539805734220,12,Len12,No
539805736252,539805736252,12,Len12,No
539805736331,539805736331,12,Len12,No
539805771483,539805771483,12,Len12,No
539805825807,539805825807,12,Len12,No
539805826125,539805826125,12,Len12,No
539805870126,539805870126,12,Len12,No
539805880508,539805880508,12,Len12,No
539805880545,539805880545,12,Len12,No
539806099363,539806099363,12,Len12,No
539806099570,539806099570,12,Len12,No
539808521015,539808521015,12,Len12,No
539808540228,539808540228,12,Len12,No
539808558671,539808558671,12,Len12,No
539808558920,539808558920,12,Len12,No
539808559225,539808559225,12,Len12,No
539808559547,539808559547,12,Len12,No
539809127060,539809127060,12,Len12,No
539809531132,539809531132,12,Len12,No
539809580039,539809580039,12,Len12,No
539809943549,539809943549,12,Len12,No
539809943550,539809943550,12,Len12,No
539809946125,539809946125,12,Len12,No
539809946174,539809946174,12,Len12,No
539809946186,539809946186,12,Len12,No
539810160026,539810160026,12,Len12,No
539810160051,539810160051,12,Len12,No
539810200024,539810200024,12,Len12,No
539810200036,539810200036,12,Len12,No
539810200048,539810200048,12,Len12,No
539810200050,539810200050,12,Len12,No
539810200190,539810200190,12,Len12,No
539810221015,539810221015,12,Len12,No
539810410420,539810410420,12,Len12,No
539810410675,539810410675,12,Len12,No
539810611024,539810611024,12,Len12,No
539810830056,539810830056,12,Len12,No
539811049986,539811049986,12,Len12,No
539811050022,539811050022,12,Len12,No
539811050046,539811050046,12,Len12,No
539811130029,539811130029,12,Len12,No
539811150030,539811150030,12,Len12,No
539811180021,539811180021,12,Len12,No
539811180045,539811180045,12,Len12,No
539811180057,539811180057,12,Len12,No
539811180069,539811180069,12,Len12,No
539811180070,539811180070,12,Len12,No
539811180082,539811180082,12,Len12,No
539811180094,539811180094,12,Len12,No
539811180100,539811180100,12,Len12,No
539811190026,539811190026,12,Len12,No
539811200020,539811200020,12,Len12,No
539811210025,539811210025,12,Len12,No
539811230103,539811230103,12,Len12,No
539811230115,539811230115,12,Len12,No
539811281019,539811281019,12,Len12,No
539811550250,539811550250,12,Len12,No
539811569866,539811569866,12,Len12,No
539811600022,539811600022,12,Len12,No
539811710022,539811710022,12,Len12,No
539811931397,539811931397,12,Len12,No
539811950367,539811950367,12,Len12,No
539811950379,539811950379,12,Len12,No
539811950380,539811950380,12,Len12,No
539811950410,539811950410,12,Len12,No
539811950422,539811950422,12,Len12,No
539811950460,539811950460,12,Len12,No
539811951050,539811951050,12,Len12,No
539811990195,539811990195,12,Len12,No
539811990201,539811990201,12,Len12,No
539812020037,539812020037,12,Len12,No
539812072098,539812072098,12,Len12,No
539812072116,539812072116,12,Len12,No
539812072232,539812072232,12,Len12,No
539812072244,539812072244,12,Len12,No
539812072578,539812072578,12,Len12,No
539812072608,539812072608,12,Len12,No
539812073005,539812073005,12,Len12,No
539812073467,539812073467,12,Len12,No
539812073637,539812073637,12,Len12,No
539812211074,539812211074,12,Len12,No
539812211293,539812211293,12,Len12,No
539812211300,539812211300,12,Len12,No
539812211311,539812211311,12,Len12,No
539812211323,539812211323,12,Len12,No
539812220087,539812220087,12,Len12,No
539812250020,539812250020,12,Len12,No
539812290028,539812290028,12,Len12,No
539812480024,539812480024,12,Len12,No
539812480036,539812480036,12,Len12,No
539812480048,539812480048,12,Len12,No
539812601022,539812601022,12,Len12,No
539812630034,539812630034,12,Len12,No
539812630046,539812630046,12,Len12,No
539812630058,539812630058,12,Len12,No
539812630060,539812630060,12,Len12,No
539812630423,539812630423,12,Len12,No
539812630447,539812630447,12,Len12,No
539812630459,539812630459,12,Len12,No
539812630460,539812630460,12,Len12,No
539812630502,539812630502,12,Len12,No
539812630514,539812630514,12,Len12,No
539812630538,539812630538,12,Len12,No
539812641044,539812641044,12,Len12,No
539812690020,539812690020,12,Len12,No
539812721052,539812721052,12,Len12,No
539812840016,539812840016,12,Len12,No
539812900049,539812900049,12,Len12,No
539812910020,539812910020,12,Len12,No
539813300108,539813300108,12,Len12,No
539813330216,539813330216,12,Len12,No
539813330228,539813330228,12,Len12,No
539813330230,539813330230,12,Len12,No
539813330241,539813330241,12,Len12,No
539813330253,539813330253,12,Len12,No
539813330289,539813330289,12,Len12,No
539813330290,539813330290,12,Len12,No
539813330502,539813330502,12,Len12,No
539813370160,539813370160,12,Len12,No
539813440022,539813440022,12,Len12,No
539813440708,539813440708,12,Len12,No
539813440710,539813440710,12,Len12,No
539813442018,539813442018,12,Len12,No
539813442079,539813442079,12,Len12,No
539813610020,539813610020,12,Len12,No
539813960030,539813960030,12,Len12,No
539813960169,539813960169,12,Len12,No
539814380288,539814380288,12,Len12,No
539814380586,539814380586,12,Len12,No
539814382170,539814382170,12,Len12,No
539814460065,539814460065,12,Len12,No
539814460843,539814460843,12,Len12,No
539814740050,539814740050,12,Len12,No
539814840056,539814840056,12,Len12,No
539814880108,539814880108,12,Len12,No
539815641067,539815641067,12,Len12,No
539815670020,539815670020,12,Len12,No
539816341183,539816341183,12,Len12,No
539816341250,539816341250,12,Len12,No
539816700018,539816700018,12,Len12,No
539816761032,539816761032,12,Len12,No
539816930024,539816930024,12,Len12,No
539817170037,539817170037,12,Len12,No
539817170050,539817170050,12,Len12,No
539817170062,539817170062,12,Len12,No
539817170141,539817170141,12,Len12,No
539817320023,539817320023,12,Len12,No
539817320060,539817320060,12,Len12,No
539817430072,539817430072,12,Len12,No
539818290040,539818290040,12,Len12,No
539818290051,539818290051,12,Len12,No
539818290063,539818290063,12,Len12,No
539818290075,539818290075,12,Len12,No
539818290087,539818290087,12,Len12,No
539818290099,539818290099,12,Len12,No
539818371075,539818371075,12,Len12,No
539818371191,539818371191,12,Len12,No
539818951080,539818951080,12,Len12,No
539819210180,539819210180,12,Len12,No
539819621026,539819621026,12,Len12,No
539819970021,539819970021,12,Len12,No
539820420082,539820420082,12,Len12,No
539820831033,539820831033,12,Len12,No
539820860021,539820860021,12,Len12,No
539820871055,539820871055,12,Len12,No
539820890037,539820890037,12,Len12,No
539820980087,539820980087,12,Len12,No
539820980099,539820980099,12,Len12,No
539820980129,539820980129,12,Len12,No
539821090016,539821090016,12,Len12,No
539821091100,539821091100,12,Len12,No
539821091215,539821091215,12,Len12,No
539821491321,539821491321,12,Len12,No
539821491357,539821491357,12,Len12,No
539821491369,539821491369,12,Len12,No
539821491382,539821491382,12,Len12,No
539821491412,539821491412,12,Len12,No
539821491473,539821491473,12,Len12,No
539821491576,539821491576,12,Len12,No
539821770076,539821770076,12,Len12,No
539821770090,539821770090,12,Len12,No
539821910020,539821910020,12,Len12,No
539822000011,539822000011,12,Len12,No
539822520055,539822520055,12,Len12,No
539822520067,539822520067,12,Len12,No
539823791010,539823791010,12,Len12,No
539825241013,539825241013,12,Len12,No
539825241189,539825241189,12,Len12,No
539825611059,539825611059,12,Len12,No
539825640023,539825640023,12,Len12,No
539825640047,539825640047,12,Len12,No
539825701012,539825701012,12,Len12,No
539825960182,539825960182,12,Len12,No
539827130024,539827130024,12,Len12,No
539827750105,539827750105,12,Len12,No
539827750129,539827750129,12,Len12,No
539828400035,539828400035,12,Len12,No
539829410012,539829410012,12,Len12,No
539829420029,539829420029,12,Len12,No
539829430011,539829430011,12,Len12,No
539829440028,539829440028,12,Len12,No
539829480026,539829480026,12,Len12,No
539829480038,539829480038,12,Len12,No
539829490019,539829490019,12,Len12,No
539829500013,539829500013,12,Len12,No
539829520024,539829520024,12,Len12,No
539829580021,539829580021,12,Len12,No
539829590166,539829590166,12,Len12,No
539829590180,539829590180,12,Len12,No
539829900088,539829900088,12,Len12,No
539830190012,539830190012,12,Len12,No
539830200017,539830200017,12,Len12,No
539830210011,539830210011,12,Len12,No
539830271851,539830271851,12,Len12,No
539830680131,539830680131,12,Len12,No
539830920026,539830920026,12,Len12,No
539830920038,539830920038,12,Len12,No
539830920040,539830920040,12,Len12,No
539830920051,539830920051,12,Len12,No
539830920063,539830920063,12,Len12,No
539830920075,539830920075,12,Len12,No
539830920087,539830920087,12,Len12,No
539830920117,539830920117,12,Len12,No
539831440097,539831440097,12,Len12,No
539831871011,539831871011,12,Len12,No
539831871187,539831871187,12,Len12,No
539832140024,539832140024,12,Len12,No
539832680122,539832680122,12,Len12,No
539833270020,539833270020,12,Len12,No
539833280061,539833280061,12,Len12,No
539833280103,539833280103,12,Len12,No
539833280279,539833280279,12,Len12,No
539833280449,539833280449,12,Len12,No
539833280620,539833280620,12,Len12,No
539834880023,539834880023,12,Len12,No
539834880035,539834880035,12,Len12,No
539834880047,539834880047,12,Len12,No
539834880059,539834880059,12,Len12,No
539834880084,539834880084,12,Len12,No
539834880096,539834880096,12,Len12,No
539834880102,539834880102,12,Len12,No
539834880114,539834880114,12,Len12,No
539834880138,539834880138,12,Len12,No
539835220092,539835220092,12,Len12,No
539835220262,539835220262,12,Len12,No
539835440821,539835440821,12,Len12,No
539835441497,539835441497,12,Len12,No
539835790029,539835790029,12,Len12,No
539836000026,539836000026,12,Len12,No
539836000038,539836000038,12,Len12,No
539836000040,539836000040,12,Len12,No
539836000051,539836000051,12,Len12,No
539836410034,539836410034,12,Len12,No
539836631014,539836631014,12,Len12,No
539836631099,539836631099,12,Len12,No
539837611023,539837611023,12,Len12,No
539838030034,539838030034,12,Len12,No
539838030060,539838030060,12,Len12,No
539838080025,539838080025,12,Len12,No
539838080062,539838080062,12,Len12,No
539839010020,539839010020,12,Len12,No
539841501071,539841501071,12,Len12,No
539841501083,539841501083,12,Len12,No
539843690030,539843690030,12,Len12,No
539844210026,539844210026,12,Len12,No
539844530070,539844530070,12,Len12,No
539844530094,539844530094,12,Len12,No
539844700029,539844700029,12,Len12,No
539845311045,539845311045,12,Len12,No
539845760022,539845760022,12,Len12,No
539845930018,539845930018,12,Len12,No
539846342086,539846342086,12,Len12,No
539846380026,539846380026,12,Len12,No
539846560454,539846560454,12,Len12,No
539847400045,539847400045,12,Len12,No
539847770031,539847770031,12,Len12,No
539847770043,539847770043,12,Len12,No
539847800035,539847800035,12,Len12,No
539847820022,539847820022,12,Len12,No
539847880020,539847880020,12,Len12,No
539847930198,539847930198,12,Len12,No
539847930230,539847930230,12,Len12,No
539847930290,539847930290,12,Len12,No
539848730089,539848730089,12,Len12,No
539848730107,539848730107,12,Len12,No
539849150019,539849150019,12,Len12,No
539849380013,539849380013,12,Len12,No
539849380025,539849380025,12,Len12,No
539849560064,539849560064,12,Len12,No
539849560076,539849560076,12,Len12,No
539849580026,539849580026,12,Len12,No
539849980028,539849980028,12,Len12,No
539850100016,539850100016,12,Len12,No
539850510024,539850510024,12,Len12,No
539850730012,539850730012,12,Len12,No
539850790021,539850790021,12,Len12,No
539851050021,539851050021,12,Len12,No
539851110029,539851110029,12,Len12,No
539851170051,539851170051,12,Len12,No
539851170063,539851170063,12,Len12,No
539851240030,539851240030,12,Len12,No
539851240041,539851240041,12,Len12,No
539851240053,539851240053,12,Len12,No
539852990062,539852990062,12,Len12,No
539853160036,539853160036,12,Len12,No
539856231340,539856231340,12,Len12,No
539858920033,539858920033,12,Len12,No
539858970048,539858970048,12,Len12,No
539859090070,539859090070,12,Len12,No
539859090172,539859090172,12,Len12,No
539859140047,539859140047,12,Len12,No
539860410051,539860410051,12,Len12,No
539861490030,539861490030,12,Len12,No
539862540041,539862540041,12,Len12,No
539863160010,539863160010,12,Len12,No
539863330029,539863330029,12,Len12,No
539863350028,539863350028,12,Len12,No
539863350041,539863350041,12,Len12,No
539864160028,539864160028,12,Len12,No
539865740314,539865740314,12,Len12,No
539865760039,539865760039,12,Len12,No
539865880021,539865880021,12,Len12,No
539866280037,539866280037,12,Len12,No
539866280049,539866280049,12,Len12,No
539866280050,539866280050,12,Len12,No
539866280062,539866280062,12,Len12,No
539867190019,539867190019,12,Len12,No
539868680020,539868680020,12,Len12,No
539868860021,539868860021,12,Len12,No
539869590130,539869590130,12,Len12,No
539869900026,539869900026,12,Len12,No
539870270020,539870270020,12,Len12,No
539871420085,539871420085,12,Len12,No
539873040024,539873040024,12,Len12,No
539873330026,539873330026,12,Len12,No
539874680021,539874680021,12,Len12,No
539874750023,539874750023,12,Len12,No
539874800040,539874800040,12,Len12,No
539874910026,539874910026,12,Len12,No
539875640092,539875640092,12,Len12,No
539877980027,539877980027,12,Len12,No
539880100195,539880100195,12,Len12,No
539880100201,539880100201,12,Len12,No
539880410093,539880410093,12,Len12,No
539881210026,539881210026,12,Len12,No
539881380023,539881380023,12,Len12,No
539882000027,539882000027,12,Len12,No
539882430034,539882430034,12,Len12,No
539882500050,539882500050,12,Len12,No
539882810086,539882810086,12,Len12,No
539882840017,539882840017,12,Len12,No
539883270038,539883270038,12,Len12,No
539883270040,539883270040,12,Len12,No
539883310036,539883310036,12,Len12,No
539883710233,539883710233,12,Len12,No
539883710245,539883710245,12,Len12,No
539883712230,539883712230,12,Len12,No
539883712242,539883712242,12,Len12,No
539884450048,539884450048,12,Len12,No
539884870153,539884870153,12,Len12,No
539885010196,539885010196,12,Len12,No
539885010214,539885010214,12,Len12,No
539885010354,539885010354,12,Len12,No
539889350020,539889350020,12,Len12,No
539890390169,539890390169,12,Len12,No
539891040040,539891040040,12,Len12,No
539891680143,539891680143,12,Len12,No
539891700026,539891700026,12,Len12,No
539892130229,539892130229,12,Len12,No
539893870208,539893870208,12,Len12,No
539894420030,539894420030,12,Len12,No
539894880234,539894880234,12,Len12,No
539896210050,539896210050,12,Len12,No
539896390039,539896390039,12,Len12,No
539896550020,539896550020,12,Len12,No
539896580138,539896580138,12,Len12,No
539896771795,539896771795,12,Len12,No
539896830106,539896830106,12,Len12,No
539897070703,539897070703,12,Len12,No
539897071045,539897071045,12,Len12,No
539897071501,539897071501,12,Len12,No
539897100161,539897100161,12,Len12,No
539897230214,539897230214,12,Len12,No
539897500850,539897500850,12,Len12,No
539898330277,539898330277,12,Len12,No
539898330289,539898330289,12,Len12,No
539898330307,539898330307,12,Len12,No
539898330368,539898330368,12,Len12,No
539898331038,539898331038,12,Len12,No
539898331040,539898331040,12,Len12,No
539898370044,539898370044,12,Len12,No
539898460290,539898460290,12,Len12,No
539898480056,539898480056,12,Len12,No
539898550022,539898550022,12,Len12,No
540100250020,540100250020,12,Len12,No
540100250032,540100250032,12,Len12,No
541100600029,541100600029,12,Len12,No
541100600030,541100600030,12,Len12,No
541100600042,541100600042,12,Len12,No
541100600054,541100600054,12,Len12,No
542120120050,542120120050,12,Len12,No
542218881207,542218881207,12,Len12,No
542223081118,542223081118,12,Len12,No
542223081155,542223081155,12,Len12,No
542223081167,542223081167,12,Len12,No
54252222,54252222,8,Len8,No
54253561,54253561,8,Len8,No
542620470036,542620470036,12,Len12,No
542620470048,542620470048,12,Len12,No
542620470127,542620470127,12,Len12,No
543000010147,543000010147,12,Len12,No
543100020163,543100020163,12,Len12,No
543500010409,543500010409,12,Len12,No
543500010513,543500010513,12,Len12,No
543500011244,543500011244,12,Len12,No
543500011256,543500011256,12,Len12,No
543500020713,543500020713,12,Len12,No
543500021456,543500021456,12,Len12,No
543600010201,543600010201,12,Len12,No
543600010754,543600010754,12,Len12,No
543600010766,543600010766,12,Len12,No
543600011473,543600011473,12,Len12,No
54360031,54360031,8,Len8,No
54360092,54360092,8,Len8,No
544100020290,544100020290,12,Len12,No
544100020642,544100020642,12,Len12,No
544100020678,544100020678,12,Len12,No
544100420024,544100420024,12,Len12,No
545200100040,545200100040,12,Len12,No
545400980587,545400980587,12,Len12,No
545401070037,545401070037,12,Len12,No
545500010663,545500010663,12,Len12,No
549003040041,549003040041,12,Len12,No
549005510050,549005510050,12,Len12,No
549005641775,549005641775,12,Len12,No
549005791384,549005791384,12,Len12,No
549005791396,549005791396,12,Len12,No
549005791499,549005791499,12,Len12,No
549006091114,549006091114,12,Len12,No
549006110030,549006110030,12,Len12,No
549006470022,549006470022,12,Len12,No
549006530948,549006530948,12,Len12,No
549006531011,549006531011,12,Len12,No
549007060034,549007060034,12,Len12,No
549007060046,549007060046,12,Len12,No
549007201092,549007201092,12,Len12,No
549007601525,549007601525,12,Len12,No
549007661170,549007661170,12,Len12,No
549008310204,549008310204,12,Len12,No
549008310216,549008310216,12,Len12,No
549008660082,549008660082,12,Len12,No
549008670040,549008670040,12,Len12,No
549012320014,549012320014,12,Len12,No
549801610122,549801610122,12,Len12,No
549801610584,549801610584,12,Len12,No
549801620085,549801620085,12,Len12,No
549900290300,549900290300,12,Len12,No
549900290312,549900290312,12,Len12,No
549900290336,549900290336,12,Len12,No
549900290348,549900290348,12,Len12,No
549900290350,549900290350,12,Len12,No
549900740020,549900740020,12,Len12,No
551200010789,551200010789,12,Len12,No
551200011083,551200011083,12,Len12,No
551200012269,551200012269,12,Len12,No
553000022927,553000022927,12,Len12,No
553000050339,553000050339,12,Len12,No
553000110026,553000110026,12,Len12,No
555400100071,555400100071,12,Len12,No
555400100083,555400100083,12,Len12,No
555400100095,555400100095,12,Len12,No
555400100101,555400100101,12,Len12,No
555400100113,555400100113,12,Len12,No
555400100125,555400100125,12,Len12,No
555400100137,555400100137,12,Len12,No
555400100149,555400100149,12,Len12,No
555400100150,555400100150,12,Len12,No
555400100162,555400100162,12,Len12,No
555400100174,555400100174,12,Len12,No
555400100186,555400100186,12,Len12,No
555400100198,555400100198,12,Len12,No
555400100204,555400100204,12,Len12,No
555400100307,555400100307,12,Len12,No
555400150025,555400150025,12,Len12,No
555400490020,555400490020,12,Len12,No
555400960023,555400960023,12,Len12,No
555500020073,555500020073,12,Len12,No
556302870142,556302870142,12,Len12,No
556302890025,556302890025,12,Len12,No
559000820114,559000820114,12,Len12,No
559000990020,559000990020,12,Len12,No
559002150021,559002150021,12,Len12,No
559003640081,559003640081,12,Len12,No
559003640111,559003640111,12,Len12,No
559003640123,559003640123,12,Len12,No
559003640135,559003640135,12,Len12,No
559005960030,559005960030,12,Len12,No
559005960054,559005960054,12,Len12,No
559006210050,559006210050,12,Len12,No
559006210073,559006210073,12,Len12,No
559006510160,559006510160,12,Len12,No
560100580056,560100580056,12,Len12,No
560400012175,560400012175,12,Len12,No
560400022521,560400022521,12,Len12,No
560400022790,560400022790,12,Len12,No
560400023902,560400023902,12,Len12,No
560400024268,560400024268,12,Len12,No
560400024281,560400024281,12,Len12,No
560400025212,560400025212,12,Len12,No
560400025224,560400025224,12,Len12,No
560400026514,560400026514,12,Len12,No
560400032540,560400032540,12,Len12,No
560400160048,560400160048,12,Len12,No
560400170030,560400170030,12,Len12,No
560400182081,560400182081,12,Len12,No
560400182093,560400182093,12,Len12,No
560400200046,560400200046,12,Len12,No
560400211135,560400211135,12,Len12,No
560400211147,560400211147,12,Len12,No
560400211329,560400211329,12,Len12,No
560400220033,560400220033,12,Len12,No
560400240615,560400240615,12,Len12,No
560400252563,560400252563,12,Len12,No
560401100023,560401100023,12,Len12,No
560401110090,560401110090,12,Len12,No
560402724117,560402724117,12,Len12,No
560402730129,560402730129,12,Len12,No
560402822796,560402822796,12,Len12,No
560402860578,560402860578,12,Len12,No
560402860580,560402860580,12,Len12,No
560402860591,560402860591,12,Len12,No
560402860815,560402860815,12,Len12,No
560402860839,560402860839,12,Len12,No
560402890273,560402890273,12,Len12,No
560402890297,560402890297,12,Len12,No
560402890303,560402890303,12,Len12,No
560402890315,560402890315,12,Len12,No
560402890534,560402890534,12,Len12,No
560402900096,560402900096,12,Len12,No
560402900175,560402900175,12,Len12,No
560402911963,560402911963,12,Len12,No
560402912165,560402912165,12,Len12,No
560402912177,560402912177,12,Len12,No
560402912220,560402912220,12,Len12,No
560402912256,560402912256,12,Len12,No
560402912270,560402912270,12,Len12,No
560402912281,560402912281,12,Len12,No
560402912311,560402912311,12,Len12,No
560402912323,560402912323,12,Len12,No
560402912335,560402912335,12,Len12,No
560402912347,560402912347,12,Len12,No
560402923527,560402923527,12,Len12,No
560403020067,560403020067,12,Len12,No
560403020079,560403020079,12,Len12,No
560403020353,560403020353,12,Len12,No
560403020365,560403020365,12,Len12,No
560403020377,560403020377,12,Len12,No
560403020389,560403020389,12,Len12,No
560403082085,560403082085,12,Len12,No
560403082322,560403082322,12,Len12,No
560403161490,560403161490,12,Len12,No
560403161507,560403161507,12,Len12,No
560403161635,560403161635,12,Len12,No
560403161647,560403161647,12,Len12,No
560403161659,560403161659,12,Len12,No
560403161660,560403161660,12,Len12,No
560403161672,560403161672,12,Len12,No
560403181208,560403181208,12,Len12,No
560403320063,560403320063,12,Len12,No
560403461229,560403461229,12,Len12,No
560403500030,560403500030,12,Len12,No
560403610030,560403610030,12,Len12,No
560403610077,560403610077,12,Len12,No
560403610089,560403610089,12,Len12,No
560403680160,560403680160,12,Len12,No
560403681886,560403681886,12,Len12,No
560403681989,560403681989,12,Len12,No
560403820199,560403820199,12,Len12,No
560403820205,560403820205,12,Len12,No
560404002243,560404002243,12,Len12,No
560404050330,560404050330,12,Len12,No
560404060115,560404060115,12,Len12,No
560404260141,560404260141,12,Len12,No
560404662516,560404662516,12,Len12,No
560404820020,560404820020,12,Len12,No
560405010016,560405010016,12,Len12,No
560405150136,560405150136,12,Len12,No
560405582322,560405582322,12,Len12,No
560406180252,560406180252,12,Len12,No
560406180264,560406180264,12,Len12,No
560406180276,560406180276,12,Len12,No
560406200056,560406200056,12,Len12,No
560406420020,560406420020,12,Len12,No
560406430025,560406430025,12,Len12,No
560406470047,560406470047,12,Len12,No
560406490058,560406490058,12,Len12,No
560406520026,560406520026,12,Len12,No
560406900054,560406900054,12,Len12,No
560406910072,560406910072,12,Len12,No
560406910084,560406910084,12,Len12,No
560406910096,560406910096,12,Len12,No
560406920041,560406920041,12,Len12,No
560407090064,560407090064,12,Len12,No
560407690031,560407690031,12,Len12,No
560408420497,560408420497,12,Len12,No
560408420527,560408420527,12,Len12,No
560408420620,560408420620,12,Len12,No
560408420631,560408420631,12,Len12,No
560412050036,560412050036,12,Len12,No
560412070035,560412070035,12,Len12,No
560412070047,560412070047,12,Len12,No
560412940029,560412940029,12,Len12,No
560412960041,560412960041,12,Len12,No
560413820032,560413820032,12,Len12,No
560414660036,560414660036,12,Len12,No
560416370062,560416370062,12,Len12,No
560600018677,560600018677,12,Len12,No
56060002,56060002,8,Len8,No
560600028397,560600028397,12,Len12,No
560600046685,560600046685,12,Len12,No
560600046764,560600046764,12,Len12,No
560600066325,560600066325,12,Len12,No
560600098247,560600098247,12,Len12,No
560600098594,560600098594,12,Len12,No
560600099124,560600099124,12,Len12,No
560601135847,560601135847,12,Len12,No
560601140041,560601140041,12,Len12,No
560601181638,560601181638,12,Len12,No
560601240023,560601240023,12,Len12,No
560601240140,560601240140,12,Len12,No
560601307440,560601307440,12,Len12,No
560601365117,560601365117,12,Len12,No
560601365210,560601365210,12,Len12,No
560601471320,560601471320,12,Len12,No
560601471446,560601471446,12,Len12,No
560601596188,560601596188,12,Len12,No
560601647378,560601647378,12,Len12,No
560601907157,560601907157,12,Len12,No
560601982623,560601982623,12,Len12,No
560602423289,560602423289,12,Len12,No
560602905521,560602905521,12,Len12,No
560602960015,560602960015,12,Len12,No
560603050043,560603050043,12,Len12,No
560603087327,560603087327,12,Len12,No
560603087492,560603087492,12,Len12,No
560603257841,560603257841,12,Len12,No
560603390036,560603390036,12,Len12,No
560603406263,560603406263,12,Len12,No
560603477403,560603477403,12,Len12,No
560603663314,560603663314,12,Len12,No
560603663326,560603663326,12,Len12,No
560603670057,560603670057,12,Len12,No
560604104140,560604104140,12,Len12,No
560604104229,560604104229,12,Len12,No
560604185620,560604185620,12,Len12,No
560604185631,560604185631,12,Len12,No
560604185874,560604185874,12,Len12,No
560604186131,560604186131,12,Len12,No
560604186143,560604186143,12,Len12,No
560604295813,560604295813,12,Len12,No
560604296362,560604296362,12,Len12,No
560604545763,560604545763,12,Len12,No
560604545830,560604545830,12,Len12,No
560604970024,560604970024,12,Len12,No
560604970097,560604970097,12,Len12,No
560605006124,560605006124,12,Len12,No
560605284574,560605284574,12,Len12,No
560605305127,560605305127,12,Len12,No
560605500088,560605500088,12,Len12,No
560605636491,560605636491,12,Len12,No
560605790029,560605790029,12,Len12,No
560605830027,560605830027,12,Len12,No
560606270066,560606270066,12,Len12,No
560606310027,560606310027,12,Len12,No
560606600029,560606600029,12,Len12,No
560606610254,560606610254,12,Len12,No
560607000034,560607000034,12,Len12,No
560607046599,560607046599,12,Len12,No
560607080029,560607080029,12,Len12,No
560607110101,560607110101,12,Len12,No
560607460045,560607460045,12,Len12,No
560608650073,560608650073,12,Len12,No
560609080021,560609080021,12,Len12,No
560609080033,560609080033,12,Len12,No
560609140066,560609140066,12,Len12,No
560609580030,560609580030,12,Len12,No
560609720149,560609720149,12,Len12,No
560609830113,560609830113,12,Len12,No
560610480321,560610480321,12,Len12,No
560610480333,560610480333,12,Len12,No
560610480345,560610480345,12,Len12,No
560610600065,560610600065,12,Len12,No
560610640026,560610640026,12,Len12,No
560610880130,560610880130,12,Len12,No
560611710036,560611710036,12,Len12,No
560612520073,560612520073,12,Len12,No
560612520681,560612520681,12,Len12,No
560613020047,560613020047,12,Len12,No
560613030028,560613030028,12,Len12,No
560613050027,560613050027,12,Len12,No
560613610045,560613610045,12,Len12,No
560613610057,560613610057,12,Len12,No
560613610069,560613610069,12,Len12,No
560613610070,560613610070,12,Len12,No
560613610082,560613610082,12,Len12,No
560614200069,560614200069,12,Len12,No
560614200161,560614200161,12,Len12,No
560618310155,560618310155,12,Len12,No
560623880422,560623880422,12,Len12,No
560623880434,560623880434,12,Len12,No
560629240029,560629240029,12,Len12,No
560629410026,560629410026,12,Len12,No
560800130618,560800130618,12,Len12,No
560800130709,560800130709,12,Len12,No
560800130801,560800130801,12,Len12,No
560800131118,560800131118,12,Len12,No
560800150253,560800150253,12,Len12,No
560800150400,560800150400,12,Len12,No
560800310566,560800310566,12,Len12,No
560800820064,560800820064,12,Len12,No
561100193357,561100193357,12,Len12,No
561100196700,561100196700,12,Len12,No
561100196711,561100196711,12,Len12,No
56110029,56110029,8,Len8,No
561100610254,561100610254,12,Len12,No
561100610631,561100610631,12,Len12,No
561100820029,561100820029,12,Len12,No
561101410169,561101410169,12,Len12,No
561183521801,561183521801,12,Len12,No
56119033,56119033,8,Len8,No
56119537,56119537,8,Len8,No
561195541320,561195541320,12,Len12,No
561195541757,561195541757,12,Len12,No
561195810069,561195810069,12,Len12,No
561195901105,561195901105,12,Len12,No
561195931365,561195931365,12,Len12,No
561195950165,561195950165,12,Len12,No
561195950189,561195950189,12,Len12,No
561196111850,561196111850,12,Len12,No
561196180021,561196180021,12,Len12,No
561196700041,561196700041,12,Len12,No
561196700053,561196700053,12,Len12,No
561196700077,561196700077,12,Len12,No
561196730082,561196730082,12,Len12,No
561196730094,561196730094,12,Len12,No
561196730150,561196730150,12,Len12,No
561196840379,561196840379,12,Len12,No
561196840628,561196840628,12,Len12,No
561196841141,561196841141,12,Len12,No
561196960051,561196960051,12,Len12,No
561197050091,561197050091,12,Len12,No
561197050170,561197050170,12,Len12,No
561197150292,561197150292,12,Len12,No
561197230263,561197230263,12,Len12,No
561197230299,561197230299,12,Len12,No
561197230354,561197230354,12,Len12,No
561197240050,561197240050,12,Len12,No
561197240086,561197240086,12,Len12,No
561197390023,561197390023,12,Len12,No
561197450238,561197450238,12,Len12,No
561197530131,561197530131,12,Len12,No
561197530143,561197530143,12,Len12,No
561197890093,561197890093,12,Len12,No
561197900098,561197900098,12,Len12,No
561197980288,561197980288,12,Len12,No
561197990166,561197990166,12,Len12,No
561198090023,561198090023,12,Len12,No
561198280055,561198280055,12,Len12,No
561198320168,561198320168,12,Len12,No
561198350264,561198350264,12,Len12,No
561198350732,561198350732,12,Len12,No
561198350768,561198350768,12,Len12,No
561198420096,561198420096,12,Len12,No
561198730097,561198730097,12,Len12,No
561199220029,561199220029,12,Len12,No
561199260027,561199260027,12,Len12,No
561199380148,561199380148,12,Len12,No
561199820045,561199820045,12,Len12,No
561300052071,561300052071,12,Len12,No
561300090655,561300090655,12,Len12,No
561300651264,561300651264,12,Len12,No
561300652270,561300652270,12,Len12,No
561300652281,561300652281,12,Len12,No
561300652293,561300652293,12,Len12,No
561300652300,561300652300,12,Len12,No
561300652311,561300652311,12,Len12,No
561300672279,561300672279,12,Len12,No
561300672991,561300672991,12,Len12,No
561300850030,561300850030,12,Len12,No
561300961344,561300961344,12,Len12,No
561301300025,561301300025,12,Len12,No
561302180039,561302180039,12,Len12,No
561302440049,561302440049,12,Len12,No
561303240020,561303240020,12,Len12,No
561548500026,561548500026,12,Len12,No
56160010,56160010,8,Len8,No
56160100,56160100,8,Len8,No
56160112,56160112,8,Len8,No
561620290801,561620290801,12,Len12,No
561620291568,561620291568,12,Len12,No
56163034,56163034,8,Len8,No
561800840049,561800840049,12,Len12,No
561800850031,561800850031,12,Len12,No
561800850043,561800850043,12,Len12,No
561800880035,561800880035,12,Len12,No
562200010107,562200010107,12,Len12,No
562200010272,562200010272,12,Len12,No
562205030091,562205030091,12,Len12,No
56220509,56220509,8,Len8,No
562300060110,562300060110,12,Len12,No
563000011681,563000011681,12,Len12,No
563000011784,563000011784,12,Len12,No
563000011899,563000011899,12,Len12,No
563000014256,563000014256,12,Len12,No
563000014475,563000014475,12,Len12,No
563000041030,563000041030,12,Len12,No
563000041041,563000041041,12,Len12,No
563000200301,563000200301,12,Len12,No
563000220026,563000220026,12,Len12,No
563001040068,563001040068,12,Len12,No
563003040047,563003040047,12,Len12,No
563003040059,563003040059,12,Len12,No
56301571,56301571,8,Len8,No
56301704,56301704,8,Len8,No
563045770362,563045770362,12,Len12,No
563045770386,563045770386,12,Len12,No
563045770398,563045770398,12,Len12,No
563045831351,563045831351,12,Len12,No
563045831600,563045831600,12,Len12,No
563045831673,563045831673,12,Len12,No
563045831843,563045831843,12,Len12,No
563045832045,563045832045,12,Len12,No
563045832940,563045832940,12,Len12,No
563045833177,563045833177,12,Len12,No
563045841289,563045841289,12,Len12,No
563045881664,563045881664,12,Len12,No
563046150136,563046150136,12,Len12,No
563046150185,563046150185,12,Len12,No
563046660023,563046660023,12,Len12,No
563047180021,563047180021,12,Len12,No
563047180100,563047180100,12,Len12,No
564200100052,564200100052,12,Len12,No
564200100064,564200100064,12,Len12,No
564400020027,564400020027,12,Len12,No
56450217,56450217,8,Len8,No
56450229,56450229,8,Len8,No
56451027,56451027,8,Len8,No
56452032,56452032,8,Len8,No
564601280028,564601280028,12,Len12,No
564601280030,564601280030,12,Len12,No
564601280041,564601280041,12,Len12,No
564601280053,564601280053,12,Len12,No
564601280065,564601280065,12,Len12,No
56462050,56462050,8,Len8,No
56468027,56468027,8,Len8,No
564680270025,564680270025,12,Len12,No
56468039,56468039,8,Len8,No
56468040,56468040,8,Len8,No
56468052,56468052,8,Len8,No
56468064,56468064,8,Len8,No
564680670957,564680670957,12,Len12,No
564680670969,564680670969,12,Len12,No
564680710025,564680710025,12,Len12,No
564681260258,564681260258,12,Len12,No
564681480600,564681480600,12,Len12,No
564681510184,564681510184,12,Len12,No
564682030017,564682030017,12,Len12,No
564682260023,564682260023,12,Len12,No
564700410030,564700410030,12,Len12,No
564800570031,564800570031,12,Len12,No
565000024089,565000024089,12,Len12,No
565000075590,565000075590,12,Len12,No
565000075991,565000075991,12,Len12,No
565000077252,565000077252,12,Len12,No
565000077264,565000077264,12,Len12,No
56500026,56500026,8,Len8,No
565001250050,565001250050,12,Len12,No
565001310082,565001310082,12,Len12,No
56500142,56500142,8,Len8,No
565001664396,565001664396,12,Len12,No
56500350,56500350,8,Len8,No
56500361,56500361,8,Len8,No
56500452,56500452,8,Len8,No
56500464,56500464,8,Len8,No
56501006,56501006,8,Len8,No
56501018,56501018,8,Len8,No
56502540,56502540,8,Len8,No
56502576,56502576,8,Len8,No
565025904930,565025904930,12,Len12,No
56502606,56502606,8,Len8,No
56505959,56505959,8,Len8,No
56506740,56506740,8,Len8,No
56507069,56507069,8,Len8,No
56507641,56507641,8,Len8,No
56508116,56508116,8,Len8,No
56509376,56509376,8,Len8,No
56509388,56509388,8,Len8,No
565094315966,565094315966,12,Len12,No
565094316200,565094316200,12,Len12,No
565094320354,565094320354,12,Len12,No
565094341825,565094341825,12,Len12,No
565094341898,565094341898,12,Len12,No
565094353300,565094353300,12,Len12,No
565094395007,565094395007,12,Len12,No
565094396371,565094396371,12,Len12,No
565094396486,565094396486,12,Len12,No
565094396498,565094396498,12,Len12,No
565094396504,565094396504,12,Len12,No
565094398458,565094398458,12,Len12,No
565094399165,565094399165,12,Len12,No
565094803572,565094803572,12,Len12,No
565094803584,565094803584,12,Len12,No
565094803845,565094803845,12,Len12,No
565094804369,565094804369,12,Len12,No
565094804370,565094804370,12,Len12,No
565094804382,565094804382,12,Len12,No
565094804400,565094804400,12,Len12,No
565094804412,565094804412,12,Len12,No
565094804424,565094804424,12,Len12,No
565094804436,565094804436,12,Len12,No
565094804448,565094804448,12,Len12,No
565094804450,565094804450,12,Len12,No
565094804461,565094804461,12,Len12,No
565094815203,565094815203,12,Len12,No
565094815835,565094815835,12,Len12,No
565094825567,565094825567,12,Len12,No
565094825890,565094825890,12,Len12,No
565094826808,565094826808,12,Len12,No
565094828441,565094828441,12,Len12,No
565094828647,565094828647,12,Len12,No
56509686,56509686,8,Len8,No
56509935,56509935,8,Len8,No
56509959,56509959,8,Len8,No
56509960,56509960,8,Len8,No
565099653138,565099653138,12,Len12,No
565099653266,565099653266,12,Len12,No
565099653278,565099653278,12,Len12,No
565099653321,565099653321,12,Len12,No
565099653461,565099653461,12,Len12,No
565099663624,565099663624,12,Len12,No
565099844813,565099844813,12,Len12,No
565099844825,565099844825,12,Len12,No
565099844849,565099844849,12,Len12,No
565099950054,565099950054,12,Len12,No
565100012838,565100012838,12,Len12,No
565100013193,565100013193,12,Len12,No
565100013200,565100013200,12,Len12,No
565100013211,565100013211,12,Len12,No
565100013223,565100013223,12,Len12,No
565100013235,565100013235,12,Len12,No
565100013247,565100013247,12,Len12,No
565100013259,565100013259,12,Len12,No
565100013661,565100013661,12,Len12,No
565100013673,565100013673,12,Len12,No
565100013685,565100013685,12,Len12,No
565100013697,565100013697,12,Len12,No
565100013703,565100013703,12,Len12,No
565100013995,565100013995,12,Len12,No
565100014987,565100014987,12,Len12,No
565100920603,565100920603,12,Len12,No
565100920627,565100920627,12,Len12,No
56511516,56511516,8,Len8,No
565172843959,565172843959,12,Len12,No
565172844319,565172844319,12,Len12,No
565172845385,565172845385,12,Len12,No
565172845397,565172845397,12,Len12,No
565172845439,565172845439,12,Len12,No
565172845440,565172845440,12,Len12,No
565172848234,565172848234,12,Len12,No
565172848313,565172848313,12,Len12,No
565172853060,565172853060,12,Len12,No
565197991932,565197991932,12,Len12,No
565198082125,565198082125,12,Len12,No
565198082137,565198082137,12,Len12,No
565198092921,565198092921,12,Len12,No
565198093123,565198093123,12,Len12,No
565198200031,565198200031,12,Len12,No
565198200043,565198200043,12,Len12,No
565198200055,565198200055,12,Len12,No
565198200067,565198200067,12,Len12,No
565198200079,565198200079,12,Len12,No
565198272730,565198272730,12,Len12,No
565198332774,565198332774,12,Len12,No
565198350028,565198350028,12,Len12,No
565198382364,565198382364,12,Len12,No
565198460028,565198460028,12,Len12,No
565198460030,565198460030,12,Len12,No
565198460089,565198460089,12,Len12,No
565198792645,565198792645,12,Len12,No
565199032580,565199032580,12,Len12,No
565199280022,565199280022,12,Len12,No
565199410203,565199410203,12,Len12,No
565199410343,565199410343,12,Len12,No
565199410379,565199410379,12,Len12,No
565199470121,565199470121,12,Len12,No
567900058715,567900058715,12,Len12,No
567900117161,567900117161,12,Len12,No
567900117173,567900117173,12,Len12,No
567900117185,567900117185,12,Len12,No
567900117215,567900117215,12,Len12,No
567900388272,567900388272,12,Len12,No
567900418914,567900418914,12,Len12,No
567900444834,567900444834,12,Len12,No
567900616750,567900616750,12,Len12,No
567900698091,567900698091,12,Len12,No
567900698108,567900698108,12,Len12,No
567900698169,567900698169,12,Len12,No
567900698170,567900698170,12,Len12,No
567900698182,567900698182,12,Len12,No
567900698194,567900698194,12,Len12,No
567900778992,567900778992,12,Len12,No
567900779194,567900779194,12,Len12,No
567900779911,567900779911,12,Len12,No
567900808704,567900808704,12,Len12,No
567900808716,567900808716,12,Len12,No
567901067633,567901067633,12,Len12,No
567901800040,567901800040,12,Len12,No
567902700064,567902700064,12,Len12,No
567903070027,567903070027,12,Len12,No
567903810023,567903810023,12,Len12,No
567904138020,567904138020,12,Len12,No
567904397905,567904397905,12,Len12,No
567904517790,567904517790,12,Len12,No
567904517807,567904517807,12,Len12,No
567906940021,567906940021,12,Len12,No
567907000020,567907000020,12,Len12,No
567907850052,567907850052,12,Len12,No
567907930023,567907930023,12,Len12,No
567908369072,567908369072,12,Len12,No
567908486994,567908486994,12,Len12,No
567909490026,567909490026,12,Len12,No
567909900022,567909900022,12,Len12,No
567910410020,567910410020,12,Len12,No
567911279128,567911279128,12,Len12,No
567912100021,567912100021,12,Len12,No
567912210185,567912210185,12,Len12,No
567912210197,567912210197,12,Len12,No
567912210203,567912210203,12,Len12,No
567912410010,567912410010,12,Len12,No
567912420015,567912420015,12,Len12,No
567912550075,567912550075,12,Len12,No
567913080042,567913080042,12,Len12,No
567913080091,567913080091,12,Len12,No
567913080108,567913080108,12,Len12,No
567913080110,567913080110,12,Len12,No
567913210030,567913210030,12,Len12,No
567913220022,567913220022,12,Len12,No
567913220034,567913220034,12,Len12,No
567913440125,567913440125,12,Len12,No
567913440150,567913440150,12,Len12,No
567913440162,567913440162,12,Len12,No
567914940040,567914940040,12,Len12,No
567916080028,567916080028,12,Len12,No
567917930020,567917930020,12,Len12,No
567918190044,567918190044,12,Len12,No
567919200197,567919200197,12,Len12,No
567919520027,567919520027,12,Len12,No
567919640033,567919640033,12,Len12,No
567919890025,567919890025,12,Len12,No
567921160020,567921160020,12,Len12,No
567921890045,567921890045,12,Len12,No
567922200024,567922200024,12,Len12,No
567924600080,567924600080,12,Len12,No
567928010026,567928010026,12,Len12,No
567928020020,567928020020,12,Len12,No
569001120070,569001120070,12,Len12,No
569001120112,569001120112,12,Len12,No
569001120124,569001120124,12,Len12,No
569001120136,569001120136,12,Len12,No
569001120203,569001120203,12,Len12,No
569001220027,569001220027,12,Len12,No
569001230021,569001230021,12,Len12,No
569001230033,569001230033,12,Len12,No
569001240026,569001240026,12,Len12,No
569001250020,569001250020,12,Len12,No
569001340057,569001340057,12,Len12,No
569001340069,569001340069,12,Len12,No
569001340070,569001340070,12,Len12,No
569001340082,569001340082,12,Len12,No
569001340094,569001340094,12,Len12,No
569001370025,569001370025,12,Len12,No
569001370037,569001370037,12,Len12,No
569001370049,569001370049,12,Len12,No
569001370050,569001370050,12,Len12,No
569001370062,569001370062,12,Len12,No
569001370074,569001370074,12,Len12,No
569001370086,569001370086,12,Len12,No
569001520060,569001520060,12,Len12,No
569001520072,569001520072,12,Len12,No
569001520084,569001520084,12,Len12,No
569001570026,569001570026,12,Len12,No
569001570063,569001570063,12,Len12,No
569001580056,569001580056,12,Len12,No
569001620066,569001620066,12,Len12,No
569001620078,569001620078,12,Len12,No
569001890021,569001890021,12,Len12,No
569001890033,569001890033,12,Len12,No
569001890045,569001890045,12,Len12,No
569001890057,569001890057,12,Len12,No
569001930020,569001930020,12,Len12,No
569001970028,569001970028,12,Len12,No
569002040021,569002040021,12,Len12,No
569002491213,569002491213,12,Len12,No
569002650042,569002650042,12,Len12,No
569003010073,569003010073,12,Len12,No
569003010085,569003010085,12,Len12,No
569003010103,569003010103,12,Len12,No
569003010693,569003010693,12,Len12,No
569003011284,569003011284,12,Len12,No
569003011545,569003011545,12,Len12,No
569003030023,569003030023,12,Len12,No
569003030035,569003030035,12,Len12,No
569003031210,569003031210,12,Len12,No
569003510057,569003510057,12,Len12,No
569003520038,569003520038,12,Len12,No
569003530032,569003530032,12,Len12,No
569003530044,569003530044,12,Len12,No
569003540050,569003540050,12,Len12,No
569003550031,569003550031,12,Len12,No
569003560048,569003560048,12,Len12,No
569003570030,569003570030,12,Len12,No
569003580035,569003580035,12,Len12,No
569003780024,569003780024,12,Len12,No
569003800047,569003800047,12,Len12,No
569004200027,569004200027,12,Len12,No
569004330087,569004330087,12,Len12,No
569004570074,569004570074,12,Len12,No
569005120027,569005120027,12,Len12,No
569005130057,569005130057,12,Len12,No
569005130082,569005130082,12,Len12,No
569005150044,569005150044,12,Len12,No
569005150056,569005150056,12,Len12,No
569005400048,569005400048,12,Len12,No
569005440022,569005440022,12,Len12,No
569005530114,569005530114,12,Len12,No
569006490045,569006490045,12,Len12,No
569006500361,569006500361,12,Len12,No
569006600033,569006600033,12,Len12,No
569006940154,569006940154,12,Len12,No
569006970020,569006970020,12,Len12,No
569007720034,569007720034,12,Len12,No
569007730052,569007730052,12,Len12,No
569007730064,569007730064,12,Len12,No
569007780031,569007780031,12,Len12,No
569007780043,569007780043,12,Len12,No
569012720211,569012720211,12,Len12,No
569016060035,569016060035,12,Len12,No
569016380560,569016380560,12,Len12,No
569016620028,569016620028,12,Len12,No
569018890023,569018890023,12,Len12,No
569018900028,569018900028,12,Len12,No
569019730477,569019730477,12,Len12,No
569019731240,569019731240,12,Len12,No
569019732036,569019732036,12,Len12,No
569019732760,569019732760,12,Len12,No
569019732772,569019732772,12,Len12,No
569020420026,569020420026,12,Len12,No
569020690029,569020690029,12,Len12,No
569024350020,569024350020,12,Len12,No
569024460092,569024460092,12,Len12,No
569024460109,569024460109,12,Len12,No
569025510029,569025510029,12,Len12,No
569027360023,569027360023,12,Len12,No
569027490034,569027490034,12,Len12,No
569033660057,569033660057,12,Len12,No
569034160032,569034160032,12,Len12,No
569034910045,569034910045,12,Len12,No
569034910069,569034910069,12,Len12,No
569034910070,569034910070,12,Len12,No
569037200028,569037200028,12,Len12,No
569044770013,569044770013,12,Len12,No
569047300020,569047300020,12,Len12,No
569049130038,569049130038,12,Len12,No
569050170164,569050170164,12,Len12,No
569060390045,569060390045,12,Len12,No
569066000022,569066000022,12,Len12,No
569068510027,569068510027,12,Len12,No
569069000033,569069000033,12,Len12,No
569070440021,569070440021,12,Len12,No
569070440033,569070440033,12,Len12,No
569800330051,569800330051,12,Len12,No
569804430131,569804430131,12,Len12,No
56982252,56982252,8,Len8,No
569839060113,569839060113,12,Len12,No
569839060125,569839060125,12,Len12,No
569839060332,569839060332,12,Len12,No
56985526,56985526,8,Len8,No
56985800,56985800,8,Len8,No
56986130,56986130,8,Len8,No
56986210,56986210,8,Len8,No
56987122/56110029,5698712256110029,17,Composite+Len16,Yes
569894370025,569894370025,12,Len12,No
569894550039,569894550039,12,Len12,No
569894580184,569894580184,12,Len12,No
569900780080,569900780080,12,Len12,No
569901140024,569901140024,12,Len12,No
569901140036,569901140036,12,Len12,No
569902250020,569902250020,12,Len12,No
569902770052,569902770052,12,Len12,No
569903410020,569903410020,12,Len12,No
569903730037,569903730037,12,Len12,No
569903730050,569903730050,12,Len12,No
569905400028,569905400028,12,Len12,No
569911750029,569911750029,12,Len12,No
569911750030,569911750030,12,Len12,No
570100289260,570100289260,12,Len12,No
570100320241,570100320241,12,Len12,No
570100356570,570100356570,12,Len12,No
570100421616,570100421616,12,Len12,No
570100421847,570100421847,12,Len12,No
570100421859,570100421859,12,Len12,No
570100471358,570100471358,12,Len12,No
570100499988,570100499988,12,Len12,No
570100543023,570100543023,12,Len12,No
570100543035,570100543035,12,Len12,No
570100543084,570100543084,12,Len12,No
570100899220,570100899220,12,Len12,No
570100899334,570100899334,12,Len12,No
570100899346,570100899346,12,Len12,No
570101148725,570101148725,12,Len12,No
570101148877,570101148877,12,Len12,No
570101149080,570101149080,12,Len12,No
570101149146,570101149146,12,Len12,No
570101149419,570101149419,12,Len12,No
570101149481,570101149481,12,Len12,No
570101149638,570101149638,12,Len12,No
570101227881,570101227881,12,Len12,No
570101228060,570101228060,12,Len12,No
570101228228,570101228228,12,Len12,No
570101228265,570101228265,12,Len12,No
570101228277,570101228277,12,Len12,No
570101228332,570101228332,12,Len12,No
570101228630,570101228630,12,Len12,No
570101362632,570101362632,12,Len12,No
570101362644,570101362644,12,Len12,No
570101417554,570101417554,12,Len12,No
570101439513,570101439513,12,Len12,No
570101439860,570101439860,12,Len12,No
570101449178,570101449178,12,Len12,No
570101449221,570101449221,12,Len12,No
570101647559,570101647559,12,Len12,No
570101875039,570101875039,12,Len12,No
570101948080,570101948080,12,Len12,No
570101949450,570101949450,12,Len12,No
570102008534,570102008534,12,Len12,No
570102028582,570102028582,12,Len12,No
570102210062,570102210062,12,Len12,No
570102480223,570102480223,12,Len12,No
570102510586,570102510586,12,Len12,No
570102815889,570102815889,12,Len12,No
570102927321,570102927321,12,Len12,No
570103150048,570103150048,12,Len12,No
570104010039,570104010039,12,Len12,No
570104060134,570104060134,12,Len12,No
570104300182,570104300182,12,Len12,No
570104480640,570104480640,12,Len12,No
570104790136,570104790136,12,Len12,No
570104790252,570104790252,12,Len12,No
570104890040,570104890040,12,Len12,No
570106480059,570106480059,12,Len12,No
570107590080,570107590080,12,Len12,No
570108230022,570108230022,12,Len12,No
570108360513,570108360513,12,Len12,No
570108520036,570108520036,12,Len12,No
570109140030,570109140030,12,Len12,No
570109350060,570109350060,12,Len12,No
570109490283,570109490283,12,Len12,No
570109490386,570109490386,12,Len12,No
570109490520,570109490520,12,Len12,No
570109490714,570109490714,12,Len12,No
570109730026,570109730026,12,Len12,No
570110000024,570110000024,12,Len12,No
570110000036,570110000036,12,Len12,No
570110180051,570110180051,12,Len12,No
570110310025,570110310025,12,Len12,No
570110870468,570110870468,12,Len12,No
570113330035,570113330035,12,Len12,No
570113730025,570113730025,12,Len12,No
570113910027,570113910027,12,Len12,No
570116980028,570116980028,12,Len12,No
570121440132,570121440132,12,Len12,No
570121460076,570121460076,12,Len12,No
570121460210,570121460210,12,Len12,No
570122050039,570122050039,12,Len12,No
570122050131,570122050131,12,Len12,No
570126210025,570126210025,12,Len12,No
570131650240,570131650240,12,Len12,No
570131650305,570131650305,12,Len12,No
570132251169,570132251169,12,Len12,No
570136210241,570136210241,12,Len12,No
570136210289,570136210289,12,Len12,No
570140712828,570140712828,12,Len12,No
570140713948,570140713948,12,Len12,No
570143970026,570143970026,12,Len12,No
570146570047,570146570047,12,Len12,No
570149350034,570149350034,12,Len12,No
570149350046,570149350046,12,Len12,No
570149350083,570149350083,12,Len12,No
570150100029,570150100029,12,Len12,No
570150950256,570150950256,12,Len12,No
570150950270,570150950270,12,Len12,No
570150950426,570150950426,12,Len12,No
570150950530,570150950530,12,Len12,No
570150950542,570150950542,12,Len12,No
570152660014,570152660014,12,Len12,No
570153210454,570153210454,12,Len12,No
570153210466,570153210466,12,Len12,No
570153210582,570153210582,12,Len12,No
570153210788,570153210788,12,Len12,No
570153211197,570153211197,12,Len12,No
570153211239,570153211239,12,Len12,No
570153211276,570153211276,12,Len12,No
570153211409,570153211409,12,Len12,No
570164540070,570164540070,12,Len12,No
570164540082,570164540082,12,Len12,No
570400020032,570400020032,12,Len12,No
570400020044,570400020044,12,Len12,No
570400020070,570400020070,12,Len12,No
570400020081,570400020081,12,Len12,No
570500260144,570500260144,12,Len12,No
572000020026,572000020026,12,Len12,No
572000030020,572000030020,12,Len12,No
572000030044,572000030044,12,Len12,No
572000220039,572000220039,12,Len12,No
572100640040,572100640040,12,Len12,No
572100640051,572100640051,12,Len12,No
609004430022,609004430022,12,Len12,No
611600160147,611600160147,12,Len12,No
623500140951,623500140951,12,Len12,No
623500980059,623500980059,12,Len12,No
655701031889,655701031889,12,Len12,No
657905100024,657905100024,12,Len12,No
67900185,67900185,8,Len8,No
67900203,67900203,8,Len8,No
71010336,71010336,8,Len8,No
71010348,71010348,8,Len8,No
71010350,71010350,8,Len8,No
71010373,71010373,8,Len8,No
71010816,71010816,8,Len8,No
71080326,71080326,8,Len8,No
71080545,71080545,8,Len8,No
72081181,72081181,8,Len8,No
72081181/72207413,7208118172207413,17,Composite+Len16,Yes
721339354568,721339354568,12,Len12,No
721437670023,721437670023,12,Len12,No
72207413,72207413,8,Len8,No
722434810027,722434810027,12,Len12,No
725804740114,725804740114,12,Len12,No
725804740126,725804740126,12,Len12,No
725804740138,725804740138,12,Len12,No
726001400138,726001400138,12,Len12,No
726001400205,726001400205,12,Len12,No
727901719596,727901719596,12,Len12,No
727925380052,727925380052,12,Len12,No
750500051065,750500051065,12,Len12,No
750500051375,750500051375,12,Len12,No
752082580126,752082580126,12,Len12,No
75544453,75544453,8,Len8,No
759098204516,759098204516,12,Len12,No
77035136,77035136,8,Len8,No
77091310,77091310,8,Len8,No
77091607,77091607,8,Len8,No
77093306,77093306,8,Len8,No
77110304,77110304,8,Len8,No
771600011349,771600011349,12,Len12,No
78010512,78010512,8,Len8,No
781520833527,781520833527,12,Len12,No
78210057,78210057,8,Len8,No
783002169970,783002169970,12,Len12,No
783100870033,783100870033,12,Len12,No
787900195071,787900195071,12,Len12,No
787902055227,787902055227,12,Len12,No
78900785,78900785,8,Len8,No
789900328123,789900328123,12,Len12,No
79010805,79010805,8,Len8,No
79010866,79010866,8,Len8,No
79011640,79011640,8,Len8,No
790400130034,790400130034,12,Len12,No
79045558,79045558,8,Len8,No
79046850,79046850,8,Len8,No
79247957,79247957,8,Len8,No
79315604,79315604,8,Len8,No
79333485,79333485,8,Len8,No
79338677,79338677,8,Len8,No
79339013,79339013,8,Len8,No
79339293,79339293,8,Len8,No
795100540055,795100540055,12,Len12,No
79511843,79511843,8,Len8,No
795900190130,795900190130,12,Len12,No
80010714,80010714,8,Len8,No
80090722,80090722,8,Len8,No
81033515,81033515,8,Len8,No
81050264,81050264,8,Len8,No
81050525,81050525,8,Len8,No
81050999,81050999,8,Len8,No
81052110,81052110,8,Len8,No
81070317,81070317,8,Len8,No
823000010357,823000010357,12,Len12,No
83041849,83041849,8,Len8,No
83049400,83049400,8,Len8,No
83049502,83049502,8,Len8,No
83049526,83049526,8,Len8,No
83049540,83049540,8,Len8,No
83049861,83049861,8,Len8,No
83051661,83051661,8,Len8,No
83054080,83054080,8,Len8,No
83054110,83054110,8,Len8,No
83055551,83055551,8,Len8,No
83055563,83055563,8,Len8,No
83055575,83055575,8,Len8,No
83055587,83055587,8,Len8,No
83057213,83057213,8,Len8,No
83057225,83057225,8,Len8,No
83058620,83058620,8,Len8,No
831100020429,831100020429,12,Len12,No
83902314,83902314,8,Len8,No
83903112,83903112,8,Len8,No
83904104,83904104,8,Len8,No
83904827,83904827,8,Len8,No
83904839,83904839,8,Len8,No
860130140864,860130140864,12,Len12,No
860130141200,860130141200,12,Len12,No
861600960026,861600960026,12,Len12,No
86900043,86900043,8,Len8,No
869019820032,869019820032,12,Len12,No
869037530032,869037530032,12,Len12,No
910100820060,910100820060,12,Len12,No
91150401,91150401,8,Len8,No
98210191,98210191,8,Len8,No
NA,NA,2,NonNumeric,No
hpff7ab010a82bcd916f42dde7bb462cccc3c4e242,70108291642746234242,42,Len20,Yes
