PL_Code,In_DMTR,In_Operational,In_Strategic,In_Criticality,Universe_Status
0150N90,1,0,0,0,Demand_Only
0150N901,1,0,0,0,Demand_Only
301001320132,0,1,0,0,Inventory_Only
332104850037,1,0,0,0,Demand_Only
396800140020,0,1,0,0,Inventory_Only
400600041170,1,0,0,0,Demand_Only
40070359,0,0,0,1,Criticality_Only
401107494209,1,0,0,0,Demand_Only
402500150037,1,0,0,0,Demand_Only
405000010983,1,0,0,0,Demand_Only
409002561998,1,0,0,0,Demand_Only
409005470025,0,1,0,0,Inventory_Only
40981381,1,0,0,1,Partial_Match
41095066,0,1,1,1,Partial_Match
421100070120,1,0,0,0,Demand_Only
423500060515,1,0,0,0,Demand_Only
429079389199,1,0,0,0,Demand_Only
430200021416,1,0,0,0,Demand_Only
430200021910,1,0,0,0,Demand_Only
430200028538,1,0,0,0,Demand_Only
430600150050,1,0,0,0,Demand_Only
430800071030,0,1,0,0,Inventory_Only
430800071042,0,1,0,0,Inventory_Only
430800141263,1,0,0,0,Demand_Only
431002240078,1,0,0,0,Demand_Only
431500022334,1,0,0,0,Demand_Only
432900164003,1,0,0,0,Demand_Only
45174404/45174416,0,0,1,1,Partial_Match
45174416,1,0,0,0,Demand_Only
460151414110,1,0,0,0,Demand_Only
461500560400,1,0,0,0,Demand_Only
462100771569,1,0,0,0,Demand_Only
464214132778,1,0,0,0,Demand_Only
469033852322,1,0,0,0,Demand_Only
469041991352,1,0,0,0,Demand_Only
469062580055,1,0,0,0,Demand_Only
469863050743,1,0,0,0,Demand_Only
470200493776,1,0,0,0,Demand_Only
470501710375,1,0,0,0,Demand_Only
47200054/47200250,0,0,1,1,Partial_Match
47200250,1,0,0,0,Demand_Only
500101070025,0,1,0,0,Inventory_Only
500101140210,0,1,0,0,Inventory_Only
500103311305,0,1,0,0,Inventory_Only
500103311482,0,1,0,0,Inventory_Only
500500340048,0,1,0,0,Inventory_Only
500500680030,1,0,0,0,Demand_Only
500501490650,0,1,0,0,Inventory_Only
500502510050,0,1,0,0,Inventory_Only
500600111902,0,1,0,0,Inventory_Only
500600571445,0,1,0,0,Inventory_Only
500601240060,0,1,0,0,Inventory_Only
501000013450,0,1,0,0,Inventory_Only
501000014155,0,1,0,0,Inventory_Only
501000103553,0,1,0,0,Inventory_Only
501000243442,1,0,0,0,Demand_Only
501000263740,1,0,0,0,Demand_Only
501000264214,0,1,0,0,Inventory_Only
501000264226,0,1,0,0,Inventory_Only
501000267963,0,1,0,0,Inventory_Only
501000423936,1,0,0,0,Demand_Only
501000424023,0,1,0,0,Inventory_Only
501000425167,0,1,0,0,Inventory_Only
501024510020,0,1,0,0,Inventory_Only
501024520024,0,1,0,0,Inventory_Only
501025160027,0,1,0,0,Inventory_Only
501025180026,0,1,0,0,Inventory_Only
501027170097,0,1,0,0,Inventory_Only
501027170127,0,1,0,0,Inventory_Only
501027710020,0,1,0,0,Inventory_Only
501027730029,0,1,0,0,Inventory_Only
501027960084,0,1,0,0,Inventory_Only
501027960102,0,1,0,0,Inventory_Only
501027960230,0,1,0,0,Inventory_Only
501300041401,1,0,0,0,Demand_Only
501300041644,0,1,0,0,Inventory_Only
501300043185,0,1,0,0,Inventory_Only
501300520510,0,1,0,0,Inventory_Only
50132453,0,0,0,1,Criticality_Only
50132600,0,1,0,1,Partial_Match
501400350020,1,0,0,0,Demand_Only
501500320073,0,1,0,0,Inventory_Only
501800084620,0,1,0,0,Inventory_Only
501800084632,0,1,0,0,Inventory_Only
501800084863,0,1,0,0,Inventory_Only
501800085636,0,1,0,0,Inventory_Only
501800085650,0,1,0,0,Inventory_Only
501800092290,0,1,0,0,Inventory_Only
501800242845,0,1,0,0,Inventory_Only
501800242869,0,1,0,0,Inventory_Only
501800242936,0,1,0,0,Inventory_Only
501800242997,0,1,0,0,Inventory_Only
501800243000,0,1,0,0,Inventory_Only
501800243291,0,1,0,0,Inventory_Only
501800331830,0,1,0,0,Inventory_Only
501800331842,0,1,0,0,Inventory_Only
501800472632,0,1,0,0,Inventory_Only
501801000043,0,1,0,0,Inventory_Only
501801220031,0,1,0,0,Inventory_Only
501802180077,0,1,0,0,Inventory_Only
501802180089,0,1,0,0,Inventory_Only
501802180107,0,1,0,0,Inventory_Only
501802580020,0,1,0,0,Inventory_Only
501802840028,0,1,0,0,Inventory_Only
501803720020,0,1,0,0,Inventory_Only
501805440141,0,1,0,0,Inventory_Only
501806660197,0,1,0,0,Inventory_Only
501806990069,0,1,0,0,Inventory_Only
501900030062,0,1,0,0,Inventory_Only
50210014,0,1,1,1,Partial_Match
502200010089,0,1,0,0,Inventory_Only
502200280020,0,1,0,0,Inventory_Only
502200620700,0,1,0,0,Inventory_Only
502200630160,0,1,0,0,Inventory_Only
50231832/50231881,0,0,1,1,Partial_Match
50231881,0,1,0,0,Inventory_Only
50231959,0,1,1,1,Partial_Match
50232319,1,1,0,0,Partial_Match
502323201614,0,1,0,0,Inventory_Only
50232356/50232319,0,0,1,1,Partial_Match
502355280027,0,1,0,0,Inventory_Only
502355280052,0,1,0,0,Inventory_Only
502355280088,0,1,0,0,Inventory_Only
502355360989,0,1,0,0,Inventory_Only
502355360990,0,1,0,0,Inventory_Only
502355361120,1,0,0,0,Demand_Only
502355441175,0,1,0,0,Inventory_Only
502355561004,1,0,0,0,Demand_Only
502355770020,1,0,0,0,Demand_Only
502355990020,0,1,0,0,Inventory_Only
502356050030,1,0,0,0,Demand_Only
502356170035,0,1,0,0,Inventory_Only
502357760028,0,1,0,0,Inventory_Only
502358450035,0,1,0,0,Inventory_Only
503523190684,0,1,0,0,Inventory_Only
503523410740,1,0,0,0,Demand_Only
503523410891,1,0,0,0,Demand_Only
503524320022,0,1,0,0,Inventory_Only
503524530030,0,1,0,0,Inventory_Only
503525160026,0,1,0,0,Inventory_Only
503526680029,0,1,0,0,Inventory_Only
50353603,0,1,1,1,Partial_Match
50360693/50370110,0,0,1,1,Partial_Match
50370080,0,1,1,1,Partial_Match
50370110,0,1,0,0,Inventory_Only
505200020031,0,1,0,0,Inventory_Only
50540324,1,0,1,1,Partial_Match
50541523,1,0,1,1,Partial_Match
50550081,1,0,1,1,Partial_Match
505600050154,0,1,0,0,Inventory_Only
505600260124,0,1,0,0,Inventory_Only
508102260044,0,1,0,0,Inventory_Only
508310190031,0,1,0,0,Inventory_Only
508311040065,0,1,0,0,Inventory_Only
508311720090,0,1,0,0,Inventory_Only
508312590024,0,1,0,0,Inventory_Only
508313220095,0,1,0,0,Inventory_Only
508313320053,0,1,0,0,Inventory_Only
508313550058,0,1,0,0,Inventory_Only
508500010799,1,0,0,0,Demand_Only
508500260020,0,1,0,0,Inventory_Only
508500690051,1,0,0,0,Demand_Only
508501090018,1,0,0,0,Demand_Only
508501360022,0,1,0,0,Inventory_Only
508502470029,1,0,0,0,Demand_Only
508503310060,1,0,0,0,Demand_Only
508503570895,1,0,0,0,Demand_Only
509000146221,0,1,0,0,Inventory_Only
509000146233,0,1,0,0,Inventory_Only
509000150169,0,1,0,0,Inventory_Only
509000166232,0,1,0,0,Inventory_Only
509000218050,0,1,0,0,Inventory_Only
509000229606,0,1,0,0,Inventory_Only
509000286237,0,1,0,0,Inventory_Only
509000349855,0,1,0,0,Inventory_Only
509000355880,0,1,0,0,Inventory_Only
509000355909,0,1,0,0,Inventory_Only
509000355910,0,1,0,0,Inventory_Only
509000396559,1,0,0,0,Demand_Only
509000404337,0,1,0,0,Inventory_Only
509000404404,0,1,0,0,Inventory_Only
509000405457,1,0,0,0,Demand_Only
509000422789,0,1,0,0,Inventory_Only
509000506870,0,1,0,0,Inventory_Only
509004730016,1,0,0,0,Demand_Only
509006510032,0,1,0,0,Inventory_Only
509009700026,0,1,0,0,Inventory_Only
509009700038,0,1,0,0,Inventory_Only
509010050044,0,1,0,0,Inventory_Only
509010050056,0,1,0,0,Inventory_Only
50901126,0,0,0,1,Criticality_Only
509040374230,0,1,0,0,Inventory_Only
509040475288,0,1,0,0,Inventory_Only
509040546672,0,1,0,0,Inventory_Only
509041036045,0,1,0,0,Inventory_Only
509041067327,0,1,0,0,Inventory_Only
509041390412,0,1,0,0,Inventory_Only
509041760069,0,1,0,0,Inventory_Only
509042120027,0,1,0,0,Inventory_Only
509042120039,0,1,0,0,Inventory_Only
509042510220,0,1,0,0,Inventory_Only
509044610034,0,1,0,0,Inventory_Only
509048210051,0,1,0,0,Inventory_Only
509051280160,1,0,0,0,Demand_Only
509051570101,0,1,0,0,Inventory_Only
520500401633,0,1,0,0,Inventory_Only
520500451223,0,1,0,0,Inventory_Only
520500451430,0,1,0,0,Inventory_Only
520500451508,0,1,0,0,Inventory_Only
520501510910,0,1,0,0,Inventory_Only
520502200035,0,1,0,0,Inventory_Only
520502281606,0,1,0,0,Inventory_Only
520504030030,0,1,0,0,Inventory_Only
520504660025,1,0,0,0,Demand_Only
520508390028,0,1,0,0,Inventory_Only
520508390065,0,1,0,0,Inventory_Only
520508600060,0,1,0,0,Inventory_Only
520508600072,0,1,0,0,Inventory_Only
520508600096,0,1,0,0,Inventory_Only
520508600102,0,1,0,0,Inventory_Only
520508600114,0,1,0,0,Inventory_Only
520508600126,0,1,0,0,Inventory_Only
520508600140,0,1,0,0,Inventory_Only
520508600163,0,1,0,0,Inventory_Only
520508600175,0,1,0,0,Inventory_Only
520512200020,0,1,0,0,Inventory_Only
520800260150,0,1,0,0,Inventory_Only
521000590026,0,1,0,0,Inventory_Only
521100030158,0,1,0,0,Inventory_Only
521100030390,0,1,0,0,Inventory_Only
521100040050,0,1,0,0,Inventory_Only
521100050194,0,1,0,0,Inventory_Only
521100050200,0,1,0,0,Inventory_Only
521100050224,0,1,0,0,Inventory_Only
521100050236,0,1,0,0,Inventory_Only
521100080484,0,1,0,0,Inventory_Only
521100120135,0,1,0,0,Inventory_Only
521100530027,0,1,0,0,Inventory_Only
521100810024,1,0,0,0,Demand_Only
521102480039,1,0,0,0,Demand_Only
521102480040,1,0,0,0,Demand_Only
521104340026,1,0,0,0,Demand_Only
521501630045,1,0,0,0,Demand_Only
52156576/56500452,0,0,1,1,Partial_Match
52156618/56509935,0,0,0,1,Criticality_Only
521566280429,0,1,0,0,Inventory_Only
521566280430,0,1,0,0,Inventory_Only
521566280739,0,1,0,0,Inventory_Only
521566390193,0,1,0,0,Inventory_Only
521566390223,0,1,0,0,Inventory_Only
521566390247,0,1,0,0,Inventory_Only
521566390272,0,1,0,0,Inventory_Only
521566390284,0,1,0,0,Inventory_Only
521566390387,0,1,0,0,Inventory_Only
521700101899,0,1,0,0,Inventory_Only
521700102340,0,1,0,0,Inventory_Only
521700102363,0,1,0,0,Inventory_Only
521700102600,0,1,0,0,Inventory_Only
521700102715,0,1,0,0,Inventory_Only
521700102995,0,1,0,0,Inventory_Only
521700130127,0,1,0,0,Inventory_Only
521700270090,0,1,0,0,Inventory_Only
521700270120,0,1,0,0,Inventory_Only
521700270156,0,1,0,0,Inventory_Only
521700350127,0,1,0,0,Inventory_Only
522002010024,1,0,0,0,Demand_Only
522002180021,1,0,0,0,Demand_Only
522002180033,1,0,0,0,Demand_Only
522004290085,1,0,0,0,Demand_Only
522004290103,1,0,0,0,Demand_Only
522004290115,1,0,0,0,Demand_Only
522004290127,1,0,0,0,Demand_Only
522004290139,1,0,0,0,Demand_Only
522005520025,1,0,0,0,Demand_Only
522005910022,0,1,0,0,Inventory_Only
522500060207,0,1,0,0,Inventory_Only
522500060268,0,1,0,0,Inventory_Only
523000460025,0,1,0,0,Inventory_Only
523000470511,0,1,0,0,Inventory_Only
523000590061,0,1,0,0,Inventory_Only
523000600066,0,1,0,0,Inventory_Only
523000710121,0,1,0,0,Inventory_Only
523000830047,0,1,0,0,Inventory_Only
523000830059,0,1,0,0,Inventory_Only
523000830060,0,1,0,0,Inventory_Only
523000830072,0,1,0,0,Inventory_Only
523000830084,0,1,0,0,Inventory_Only
523000830096,0,1,0,0,Inventory_Only
523000830102,0,1,0,0,Inventory_Only
523000830126,0,1,0,0,Inventory_Only
523000830138,0,1,0,0,Inventory_Only
523000830140,0,1,0,0,Inventory_Only
523000830151,0,1,0,0,Inventory_Only
525500230316,1,0,0,0,Demand_Only
527900042963,0,1,0,0,Inventory_Only
527900045101,0,1,0,0,Inventory_Only
527900045113,0,1,0,0,Inventory_Only
527900045265,0,1,0,0,Inventory_Only
527900045289,0,1,0,0,Inventory_Only
527900045903,0,1,0,0,Inventory_Only
527900045915,0,1,0,0,Inventory_Only
527900046506,0,1,0,0,Inventory_Only
527900062767,0,1,0,0,Inventory_Only
527900082614,0,1,0,0,Inventory_Only
527900312176,0,1,0,0,Inventory_Only
527900313326,0,1,0,0,Inventory_Only
527900430653,0,1,0,0,Inventory_Only
527900442771,0,1,0,0,Inventory_Only
527900443040,0,1,0,0,Inventory_Only
527900510650,0,1,0,0,Inventory_Only
527900510727,0,1,0,0,Inventory_Only
527900510739,0,1,0,0,Inventory_Only
527900510740,0,1,0,0,Inventory_Only
527900510752,0,1,0,0,Inventory_Only
527900510788,0,1,0,0,Inventory_Only
527901140087,0,1,0,0,Inventory_Only
527901140130,0,1,0,0,Inventory_Only
527901460094,0,1,0,0,Inventory_Only
527902350041,0,1,0,0,Inventory_Only
527902350065,0,1,0,0,Inventory_Only
527903380041,0,1,0,0,Inventory_Only
527903920072,0,1,0,0,Inventory_Only
527905800227,0,1,0,0,Inventory_Only
527905800240,0,1,0,0,Inventory_Only
527905800290,0,1,0,0,Inventory_Only
527905800318,0,1,0,0,Inventory_Only
527905800320,0,1,0,0,Inventory_Only
527905800343,0,1,0,0,Inventory_Only
527905800355,0,1,0,0,Inventory_Only
527905800379,0,1,0,0,Inventory_Only
527905800380,0,1,0,0,Inventory_Only
527905800422,0,1,0,0,Inventory_Only
527907360024,0,1,0,0,Inventory_Only
527907360036,0,1,0,0,Inventory_Only
528100010050,1,0,0,0,Demand_Only
528100010103,1,0,0,0,Demand_Only
528100030023,1,0,0,0,Demand_Only
528700080244,0,1,0,0,Inventory_Only
528700380033,0,1,0,0,Inventory_Only
528700380045,0,1,0,0,Inventory_Only
529001730054,0,1,0,0,Inventory_Only
529001880441,0,1,0,0,Inventory_Only
529001880453,0,1,0,0,Inventory_Only
529002070025,0,1,0,0,Inventory_Only
529002520079,0,1,0,0,Inventory_Only
529002520109,0,1,0,0,Inventory_Only
529003560279,0,1,0,0,Inventory_Only
529004840030,0,1,0,0,Inventory_Only
529006340035,0,1,0,0,Inventory_Only
529006590027,0,1,0,0,Inventory_Only
529008670087,0,1,0,0,Inventory_Only
529008670099,0,1,0,0,Inventory_Only
529009640030,0,1,0,0,Inventory_Only
529009640042,0,1,0,0,Inventory_Only
529012410027,0,1,0,0,Inventory_Only
529012410039,0,1,0,0,Inventory_Only
529012890025,0,1,0,0,Inventory_Only
529012920091,0,1,0,0,Inventory_Only
529013630023,0,1,0,0,Inventory_Only
529013630035,0,1,0,0,Inventory_Only
529014480033,0,1,0,0,Inventory_Only
529018700027,0,1,0,0,Inventory_Only
529021160036,0,1,0,0,Inventory_Only
529900070051,0,1,0,0,Inventory_Only
529900350047,0,1,0,0,Inventory_Only
539800055337,0,1,0,0,Inventory_Only
539800111080,0,1,0,0,Inventory_Only
539800218676,1,0,0,0,Demand_Only
539800218688,1,0,0,0,Demand_Only
539800218690,1,0,0,0,Demand_Only
539800448128,0,1,0,0,Inventory_Only
539800448130,0,1,0,0,Inventory_Only
539800448189,0,1,0,0,Inventory_Only
539800448190,0,1,0,0,Inventory_Only
539800448281,0,1,0,0,Inventory_Only
539800456678,1,0,0,0,Demand_Only
539800456903,1,0,0,0,Demand_Only
539800469648,0,1,0,0,Inventory_Only
539800493572,0,1,0,0,Inventory_Only
539800639499,1,0,0,0,Demand_Only
539800699782,1,0,0,0,Demand_Only
539800819635,0,1,0,0,Inventory_Only
539800829501,0,1,0,0,Inventory_Only
539801039390,0,1,0,0,Inventory_Only
539801361018,0,1,0,0,Inventory_Only
539801361468,0,1,0,0,Inventory_Only
539801395296,0,1,0,0,Inventory_Only
539801396203,0,1,0,0,Inventory_Only
539801396525,0,1,0,0,Inventory_Only
539801431227,0,1,0,0,Inventory_Only
539801431239,0,1,0,0,Inventory_Only
539801431276,0,1,0,0,Inventory_Only
539801431288,0,1,0,0,Inventory_Only
539801448823,0,1,0,0,Inventory_Only
539801491121,1,0,0,0,Demand_Only
539801491133,1,0,0,0,Demand_Only
539801491145,1,0,0,0,Demand_Only
539801491157,1,0,0,0,Demand_Only
539801491169,1,0,0,0,Demand_Only
539801538514,0,1,0,0,Inventory_Only
539801568695,1,0,0,0,Demand_Only
539801568713,1,0,0,0,Demand_Only
539801568725,1,0,0,0,Demand_Only
539801591796,0,1,0,0,Inventory_Only
539801592053,0,1,0,0,Inventory_Only
539801657679,0,1,0,0,Inventory_Only
539801669852,0,1,0,0,Inventory_Only
539801778410,0,1,0,0,Inventory_Only
539801778483,0,1,0,0,Inventory_Only
539801778495,0,1,0,0,Inventory_Only
539801779256,0,1,0,0,Inventory_Only
539801779517,0,1,0,0,Inventory_Only
539801779700,0,1,0,0,Inventory_Only
539801779724,0,1,0,0,Inventory_Only
539801784410,0,1,0,0,Inventory_Only
539801784744,0,1,0,0,Inventory_Only
539801849015,0,1,0,0,Inventory_Only
539801849027,0,1,0,0,Inventory_Only
539801901815,0,1,0,0,Inventory_Only
539801916260,0,1,0,0,Inventory_Only
539801992328,0,1,0,0,Inventory_Only
539802239713,1,0,0,0,Demand_Only
539802239981,0,1,0,0,Inventory_Only
539802259074,0,1,0,0,Inventory_Only
539802259141,0,1,0,0,Inventory_Only
539802259438,0,1,0,0,Inventory_Only
539802295820,0,1,0,0,Inventory_Only
539802297245,0,1,0,0,Inventory_Only
539802298778,0,1,0,0,Inventory_Only
539802299242,0,1,0,0,Inventory_Only
539802299618,0,1,0,0,Inventory_Only
539802318560,0,1,0,0,Inventory_Only
539802319137,0,1,0,0,Inventory_Only
539802319162,0,1,0,0,Inventory_Only
539802319174,0,1,0,0,Inventory_Only
539802319253,0,1,0,0,Inventory_Only
539802319320,0,1,0,0,Inventory_Only
539802319356,0,1,0,0,Inventory_Only
539802319368,0,1,0,0,Inventory_Only
539802398608,0,1,0,0,Inventory_Only
539802398633,0,1,0,0,Inventory_Only
539802398682,0,1,0,0,Inventory_Only
539802398700,0,1,0,0,Inventory_Only
539802398724,0,1,0,0,Inventory_Only
539802399390,0,1,0,0,Inventory_Only
539802401190,0,1,0,0,Inventory_Only
539802545800,0,1,0,0,Inventory_Only
539802601335,0,1,0,0,Inventory_Only
539802615050,0,1,0,0,Inventory_Only
539802616569,1,0,0,0,Demand_Only
539802616703,1,0,0,0,Demand_Only
539802648698,0,1,0,0,Inventory_Only
539802648730,0,1,0,0,Inventory_Only
539802649320,0,1,0,0,Inventory_Only
539802674340,0,1,0,0,Inventory_Only
539802674570,0,1,0,0,Inventory_Only
539802685427,0,1,0,0,Inventory_Only
539802804118,1,0,0,0,Demand_Only
539802804167,1,0,0,0,Demand_Only
539802804179,0,1,0,0,Inventory_Only
539802805135,0,1,0,0,Inventory_Only
539802831377,1,0,0,0,Demand_Only
539802851959,1,0,0,0,Demand_Only
539802852010,1,0,0,0,Demand_Only
539802862386,1,0,0,0,Demand_Only
539802896049,0,1,0,0,Inventory_Only
539802900879,1,0,0,0,Demand_Only
539802982203,0,1,0,0,Inventory_Only
539802996380,0,1,0,0,Inventory_Only
539802996457,0,1,0,0,Inventory_Only
539803344280,0,1,0,0,Inventory_Only
539803505494,0,1,0,0,Inventory_Only
539803505500,0,1,0,0,Inventory_Only
539803505512,0,1,0,0,Inventory_Only
539803505688,0,1,0,0,Inventory_Only
539803680036,0,1,0,0,Inventory_Only
539803680048,0,1,0,0,Inventory_Only
539803716997,0,1,0,0,Inventory_Only
539803717000,0,1,0,0,Inventory_Only
539803717059,0,1,0,0,Inventory_Only
539803717102,0,1,0,0,Inventory_Only
539804054789,0,1,0,0,Inventory_Only
539804082608,0,1,0,0,Inventory_Only
539804082610,0,1,0,0,Inventory_Only
539804082797,1,0,0,0,Demand_Only
539804140372,0,1,0,0,Inventory_Only
539804447143,0,1,0,0,Inventory_Only
539804447179,0,1,0,0,Inventory_Only
539804447234,0,1,0,0,Inventory_Only
539804447416,0,1,0,0,Inventory_Only
539804450166,0,1,0,0,Inventory_Only
539804450269,0,1,0,0,Inventory_Only
539804468353,0,1,0,0,Inventory_Only
539804489952,0,1,0,0,Inventory_Only
539804531166,0,1,0,0,Inventory_Only
539804531324,0,1,0,0,Inventory_Only
539804531403,0,1,0,0,Inventory_Only
539804575674,0,1,0,0,Inventory_Only
539804575704,0,1,0,0,Inventory_Only
539804575807,0,1,0,0,Inventory_Only
539804581248,0,1,0,0,Inventory_Only
539804721137,0,1,0,0,Inventory_Only
539804751828,0,1,0,0,Inventory_Only
539804752183,1,0,0,0,Demand_Only
539804752201,0,1,0,0,Inventory_Only
539804752225,0,1,0,0,Inventory_Only
539804753072,0,1,0,0,Inventory_Only
539804753989,0,1,0,0,Inventory_Only
539804754143,0,1,0,0,Inventory_Only
539804754222,0,1,0,0,Inventory_Only
539804776369,0,1,0,0,Inventory_Only
539804830637,0,1,0,0,Inventory_Only
539804978320,0,1,0,0,Inventory_Only
539804978872,0,1,0,0,Inventory_Only
539804978914,0,1,0,0,Inventory_Only
539804999371,0,1,0,0,Inventory_Only
539805021391,0,1,0,0,Inventory_Only
539805021573,1,0,0,0,Demand_Only
539805021810,0,1,0,0,Inventory_Only
539805021962,0,1,0,0,Inventory_Only
539805021974,0,1,0,0,Inventory_Only
539805022140,0,1,0,0,Inventory_Only
539805022309,0,1,0,0,Inventory_Only
539805022450,0,1,0,0,Inventory_Only
539805022772,0,1,0,0,Inventory_Only
539805022784,0,1,0,0,Inventory_Only
539805022942,0,1,0,0,Inventory_Only
539805023351,0,1,0,0,Inventory_Only
539805023648,0,1,0,0,Inventory_Only
539805023673,0,1,0,0,Inventory_Only
539805023685,0,1,0,0,Inventory_Only
539805023971,0,1,0,0,Inventory_Only
539805024100,0,1,0,0,Inventory_Only
539805024112,0,1,0,0,Inventory_Only
539805024124,0,1,0,0,Inventory_Only
539805024136,0,1,0,0,Inventory_Only
539805024148,0,1,0,0,Inventory_Only
539805024690,0,1,0,0,Inventory_Only
539805024707,0,1,0,0,Inventory_Only
539805024719,0,1,0,0,Inventory_Only
539805046442,1,0,0,0,Demand_Only
539805046570,1,0,0,0,Demand_Only
539805069326,0,1,0,0,Inventory_Only
539805069480,0,1,0,0,Inventory_Only
539805069521,0,1,0,0,Inventory_Only
539805069661,0,1,0,0,Inventory_Only
539805107303,0,1,0,0,Inventory_Only
539805124118,0,1,0,0,Inventory_Only
539805124167,0,1,0,0,Inventory_Only
539805290020,0,1,0,0,Inventory_Only
539805350052,1,0,0,0,Demand_Only
539805423687,1,0,0,0,Demand_Only
539805423699,1,0,0,0,Demand_Only
539805423857,1,0,0,0,Demand_Only
539805423912,1,0,0,0,Demand_Only
539805423924,1,0,0,0,Demand_Only
539805559238,0,1,0,0,Inventory_Only
539805714955,1,0,0,0,Demand_Only
539805721194,1,0,0,0,Demand_Only
539805734220,1,0,0,0,Demand_Only
539805736252,1,0,0,0,Demand_Only
539805736331,1,0,0,0,Demand_Only
539805771483,1,0,0,0,Demand_Only
539805825807,1,0,0,0,Demand_Only
539805826125,0,1,0,0,Inventory_Only
539805870126,0,1,0,0,Inventory_Only
539805880508,1,0,0,0,Demand_Only
539805880545,1,0,0,0,Demand_Only
539806099363,1,0,0,0,Demand_Only
539806099570,1,0,0,0,Demand_Only
539808521015,0,1,0,0,Inventory_Only
539808540228,0,1,0,0,Inventory_Only
539808558671,0,1,0,0,Inventory_Only
539808558920,0,1,0,0,Inventory_Only
539808559225,0,1,0,0,Inventory_Only
539808559547,0,1,0,0,Inventory_Only
539809127060,1,0,0,0,Demand_Only
539809531132,0,1,0,0,Inventory_Only
539809580039,0,1,0,0,Inventory_Only
539809943549,1,0,0,0,Demand_Only
539809943550,1,0,0,0,Demand_Only
539809946125,0,1,0,0,Inventory_Only
539809946174,0,1,0,0,Inventory_Only
539809946186,0,1,0,0,Inventory_Only
539810160026,1,0,0,0,Demand_Only
539810160051,1,0,0,0,Demand_Only
539810200024,1,0,0,0,Demand_Only
539810200036,1,0,0,0,Demand_Only
539810200048,1,0,0,0,Demand_Only
539810200050,1,0,0,0,Demand_Only
539810200190,1,0,0,0,Demand_Only
539810221015,1,0,0,0,Demand_Only
539810410420,0,1,0,0,Inventory_Only
539810410675,1,0,0,0,Demand_Only
539810611024,1,0,0,0,Demand_Only
539810830056,1,0,0,0,Demand_Only
539811049986,1,0,0,0,Demand_Only
539811050022,1,0,0,0,Demand_Only
539811050046,1,0,0,0,Demand_Only
539811130029,1,0,0,0,Demand_Only
539811150030,1,0,0,0,Demand_Only
539811180021,1,0,0,0,Demand_Only
539811180045,1,0,0,0,Demand_Only
539811180057,1,0,0,0,Demand_Only
539811180069,1,0,0,0,Demand_Only
539811180070,1,0,0,0,Demand_Only
539811180082,1,0,0,0,Demand_Only
539811180094,1,0,0,0,Demand_Only
539811180100,1,0,0,0,Demand_Only
539811190026,1,0,0,0,Demand_Only
539811200020,1,0,0,0,Demand_Only
539811210025,1,0,0,0,Demand_Only
539811230103,1,0,0,0,Demand_Only
539811230115,1,0,0,0,Demand_Only
539811281019,1,0,0,0,Demand_Only
539811550250,1,0,0,0,Demand_Only
539811569866,0,1,0,0,Inventory_Only
539811600022,1,0,0,0,Demand_Only
539811710022,1,0,0,0,Demand_Only
539811931397,0,1,0,0,Inventory_Only
539811950367,0,1,0,0,Inventory_Only
539811950379,0,1,0,0,Inventory_Only
539811950380,0,1,0,0,Inventory_Only
539811950410,0,1,0,0,Inventory_Only
539811950422,0,1,0,0,Inventory_Only
539811950460,0,1,0,0,Inventory_Only
539811951050,0,1,0,0,Inventory_Only
539811990195,0,1,0,0,Inventory_Only
539811990201,0,1,0,0,Inventory_Only
539812020037,0,1,0,0,Inventory_Only
539812072098,0,1,0,0,Inventory_Only
539812072116,0,1,0,0,Inventory_Only
539812072232,0,1,0,0,Inventory_Only
539812072244,0,1,0,0,Inventory_Only
539812072578,0,1,0,0,Inventory_Only
539812072608,0,1,0,0,Inventory_Only
539812073005,0,1,0,0,Inventory_Only
539812073467,1,0,0,0,Demand_Only
539812073637,0,1,0,0,Inventory_Only
539812211074,0,1,0,0,Inventory_Only
539812211293,0,1,0,0,Inventory_Only
539812211300,0,1,0,0,Inventory_Only
539812211311,0,1,0,0,Inventory_Only
539812211323,0,1,0,0,Inventory_Only
539812220087,0,1,0,0,Inventory_Only
539812250020,1,0,0,0,Demand_Only
539812290028,1,0,0,0,Demand_Only
539812480024,1,0,0,0,Demand_Only
539812480036,1,0,0,0,Demand_Only
539812480048,1,0,0,0,Demand_Only
539812601022,1,0,0,0,Demand_Only
539812630034,0,1,0,0,Inventory_Only
539812630046,0,1,0,0,Inventory_Only
539812630058,0,1,0,0,Inventory_Only
539812630060,0,1,0,0,Inventory_Only
539812630423,0,1,0,0,Inventory_Only
539812630447,0,1,0,0,Inventory_Only
539812630459,0,1,0,0,Inventory_Only
539812630460,0,1,0,0,Inventory_Only
539812630502,0,1,0,0,Inventory_Only
539812630514,0,1,0,0,Inventory_Only
539812630538,0,1,0,0,Inventory_Only
539812641044,1,0,0,0,Demand_Only
539812690020,1,0,0,0,Demand_Only
539812721052,1,0,0,0,Demand_Only
539812840016,1,0,0,0,Demand_Only
539812900049,1,0,0,0,Demand_Only
539812910020,1,0,0,0,Demand_Only
539813300108,0,1,0,0,Inventory_Only
539813330216,0,1,0,0,Inventory_Only
539813330228,0,1,0,0,Inventory_Only
539813330230,0,1,0,0,Inventory_Only
539813330241,0,1,0,0,Inventory_Only
539813330253,0,1,0,0,Inventory_Only
539813330289,0,1,0,0,Inventory_Only
539813330290,0,1,0,0,Inventory_Only
539813330502,0,1,0,0,Inventory_Only
539813370160,0,1,0,0,Inventory_Only
539813440022,1,0,0,0,Demand_Only
539813440708,0,1,0,0,Inventory_Only
539813440710,1,0,0,0,Demand_Only
539813442018,1,0,0,0,Demand_Only
539813442079,0,1,0,0,Inventory_Only
539813610020,0,1,0,0,Inventory_Only
539813960030,1,0,0,0,Demand_Only
539813960169,1,0,0,0,Demand_Only
539814380288,1,0,0,0,Demand_Only
539814380586,1,0,0,0,Demand_Only
539814382170,1,0,0,0,Demand_Only
539814460065,1,0,0,0,Demand_Only
539814460843,1,0,0,0,Demand_Only
539814740050,0,1,0,0,Inventory_Only
539814840056,0,1,0,0,Inventory_Only
539814880108,0,1,0,0,Inventory_Only
539815641067,0,1,0,0,Inventory_Only
539815670020,0,1,0,0,Inventory_Only
539816341183,0,1,0,0,Inventory_Only
539816341250,0,1,0,0,Inventory_Only
539816700018,1,0,0,0,Demand_Only
539816761032,1,0,0,0,Demand_Only
539816930024,0,1,0,0,Inventory_Only
539817170037,0,1,0,0,Inventory_Only
539817170050,0,1,0,0,Inventory_Only
539817170062,0,1,0,0,Inventory_Only
539817170141,0,1,0,0,Inventory_Only
539817320023,1,0,0,0,Demand_Only
539817320060,1,0,0,0,Demand_Only
539817430072,1,0,0,0,Demand_Only
539818290040,0,1,0,0,Inventory_Only
539818290051,0,1,0,0,Inventory_Only
539818290063,0,1,0,0,Inventory_Only
539818290075,0,1,0,0,Inventory_Only
539818290087,0,1,0,0,Inventory_Only
539818290099,0,1,0,0,Inventory_Only
539818371075,1,0,0,0,Demand_Only
539818371191,1,0,0,0,Demand_Only
539818951080,0,1,0,0,Inventory_Only
539819210180,1,0,0,0,Demand_Only
539819621026,1,0,0,0,Demand_Only
539819970021,0,1,0,0,Inventory_Only
539820420082,1,0,0,0,Demand_Only
539820831033,1,0,0,0,Demand_Only
539820860021,1,0,0,0,Demand_Only
539820871055,0,1,0,0,Inventory_Only
539820890037,1,0,0,0,Demand_Only
539820980087,1,0,0,0,Demand_Only
539820980099,1,0,0,0,Demand_Only
539820980129,0,1,0,0,Inventory_Only
539821090016,1,0,0,0,Demand_Only
539821091100,1,0,0,0,Demand_Only
539821091215,1,0,0,0,Demand_Only
539821491321,0,1,0,0,Inventory_Only
539821491357,0,1,0,0,Inventory_Only
539821491369,0,1,0,0,Inventory_Only
539821491382,0,1,0,0,Inventory_Only
539821491412,0,1,0,0,Inventory_Only
539821491473,0,1,0,0,Inventory_Only
539821491576,0,1,0,0,Inventory_Only
539821770076,0,1,0,0,Inventory_Only
539821770090,0,1,0,0,Inventory_Only
539821910020,1,0,0,0,Demand_Only
539822000011,1,0,0,0,Demand_Only
539822520055,0,1,0,0,Inventory_Only
539822520067,0,1,0,0,Inventory_Only
539823791010,1,0,0,0,Demand_Only
539825241013,1,0,0,0,Demand_Only
539825241189,0,1,0,0,Inventory_Only
539825611059,1,0,0,0,Demand_Only
539825640023,1,0,0,0,Demand_Only
539825640047,1,0,0,0,Demand_Only
539825701012,1,0,0,0,Demand_Only
539825960182,0,1,0,0,Inventory_Only
539827130024,1,0,0,0,Demand_Only
539827750105,1,0,0,0,Demand_Only
539827750129,1,0,0,0,Demand_Only
539828400035,1,0,0,0,Demand_Only
539829410012,1,0,0,0,Demand_Only
539829420029,1,0,0,0,Demand_Only
539829430011,1,0,0,0,Demand_Only
539829440028,1,0,0,0,Demand_Only
539829480026,1,0,0,0,Demand_Only
539829480038,1,0,0,0,Demand_Only
539829490019,1,0,0,0,Demand_Only
539829500013,1,0,0,0,Demand_Only
539829520024,1,0,0,0,Demand_Only
539829580021,1,0,0,0,Demand_Only
539829590166,1,0,0,0,Demand_Only
539829590180,1,0,0,0,Demand_Only
539829900088,1,0,0,0,Demand_Only
539830190012,1,0,0,0,Demand_Only
539830200017,1,0,0,0,Demand_Only
539830210011,1,0,0,0,Demand_Only
539830271851,0,1,0,0,Inventory_Only
539830680131,1,0,0,0,Demand_Only
539830920026,1,0,0,0,Demand_Only
539830920038,1,0,0,0,Demand_Only
539830920040,1,0,0,0,Demand_Only
539830920051,1,0,0,0,Demand_Only
539830920063,1,0,0,0,Demand_Only
539830920075,1,0,0,0,Demand_Only
539830920087,1,0,0,0,Demand_Only
539830920117,1,0,0,0,Demand_Only
539831440097,1,0,0,0,Demand_Only
539831871011,1,0,0,0,Demand_Only
539831871187,0,1,0,0,Inventory_Only
539832140024,0,1,0,0,Inventory_Only
539832680122,0,1,0,0,Inventory_Only
539833270020,0,1,0,0,Inventory_Only
539833280061,0,1,0,0,Inventory_Only
539833280103,0,1,0,0,Inventory_Only
539833280279,0,1,0,0,Inventory_Only
539833280449,0,1,0,0,Inventory_Only
539833280620,0,1,0,0,Inventory_Only
539834880023,1,0,0,0,Demand_Only
539834880035,1,0,0,0,Demand_Only
539834880047,1,0,0,0,Demand_Only
539834880059,1,0,0,0,Demand_Only
539834880084,1,0,0,0,Demand_Only
539834880096,1,0,0,0,Demand_Only
539834880102,1,0,0,0,Demand_Only
539834880114,1,0,0,0,Demand_Only
539834880138,1,0,0,0,Demand_Only
539835220092,1,0,0,0,Demand_Only
539835220262,1,0,0,0,Demand_Only
539835440821,0,1,0,0,Inventory_Only
539835441497,0,1,0,0,Inventory_Only
539835790029,1,0,0,0,Demand_Only
539836000026,1,0,0,0,Demand_Only
539836000038,1,0,0,0,Demand_Only
539836000040,1,0,0,0,Demand_Only
539836000051,1,0,0,0,Demand_Only
539836410034,1,0,0,0,Demand_Only
539836631014,1,0,0,0,Demand_Only
539836631099,1,0,0,0,Demand_Only
539837611023,1,0,0,0,Demand_Only
539838030034,0,1,0,0,Inventory_Only
539838030060,0,1,0,0,Inventory_Only
539838080025,1,0,0,0,Demand_Only
539838080062,1,0,0,0,Demand_Only
539839010020,1,0,0,0,Demand_Only
539841501071,1,0,0,0,Demand_Only
539841501083,1,0,0,0,Demand_Only
539843690030,1,0,0,0,Demand_Only
539844210026,1,0,0,0,Demand_Only
539844530070,1,0,0,0,Demand_Only
539844530094,1,0,0,0,Demand_Only
539844700029,0,1,0,0,Inventory_Only
539845311045,0,1,0,0,Inventory_Only
539845760022,0,1,0,0,Inventory_Only
539845930018,1,0,0,0,Demand_Only
539846342086,0,1,0,0,Inventory_Only
539846380026,0,1,0,0,Inventory_Only
539846560454,0,1,0,0,Inventory_Only
539847400045,0,1,0,0,Inventory_Only
539847770031,1,0,0,0,Demand_Only
539847770043,1,0,0,0,Demand_Only
539847800035,0,1,0,0,Inventory_Only
539847820022,0,1,0,0,Inventory_Only
539847880020,0,1,0,0,Inventory_Only
539847930198,0,1,0,0,Inventory_Only
539847930230,0,1,0,0,Inventory_Only
539847930290,0,1,0,0,Inventory_Only
539848730089,1,0,0,0,Demand_Only
539848730107,0,1,0,0,Inventory_Only
539849150019,1,0,0,0,Demand_Only
539849380013,1,0,0,0,Demand_Only
539849380025,1,0,0,0,Demand_Only
539849560064,1,0,0,0,Demand_Only
539849560076,1,0,0,0,Demand_Only
539849580026,1,0,0,0,Demand_Only
539849980028,1,0,0,0,Demand_Only
539850100016,1,0,0,0,Demand_Only
539850510024,1,0,0,0,Demand_Only
539850730012,1,0,0,0,Demand_Only
539850790021,1,0,0,0,Demand_Only
539851050021,1,0,0,0,Demand_Only
539851110029,1,0,0,0,Demand_Only
539851170051,1,0,0,0,Demand_Only
539851170063,1,0,0,0,Demand_Only
539851240030,1,0,0,0,Demand_Only
539851240041,1,0,0,0,Demand_Only
539851240053,1,0,0,0,Demand_Only
539852990062,1,0,0,0,Demand_Only
539853160036,1,0,0,0,Demand_Only
539856231340,0,1,0,0,Inventory_Only
539858920033,0,1,0,0,Inventory_Only
539858970048,0,1,0,0,Inventory_Only
539859090070,0,1,0,0,Inventory_Only
539859090172,1,0,0,0,Demand_Only
539859140047,1,0,0,0,Demand_Only
539860410051,1,0,0,0,Demand_Only
539861490030,1,0,0,0,Demand_Only
539862540041,0,1,0,0,Inventory_Only
539863160010,1,0,0,0,Demand_Only
539863330029,1,0,0,0,Demand_Only
539863350028,1,0,0,0,Demand_Only
539863350041,0,1,0,0,Inventory_Only
539864160028,1,0,0,0,Demand_Only
539865740314,0,1,0,0,Inventory_Only
539865760039,0,1,0,0,Inventory_Only
539865880021,0,1,0,0,Inventory_Only
539866280037,0,1,0,0,Inventory_Only
539866280049,0,1,0,0,Inventory_Only
539866280050,0,1,0,0,Inventory_Only
539866280062,0,1,0,0,Inventory_Only
539867190019,1,0,0,0,Demand_Only
539868680020,1,0,0,0,Demand_Only
539868860021,1,0,0,0,Demand_Only
539869590130,1,0,0,0,Demand_Only
539869900026,0,1,0,0,Inventory_Only
539870270020,1,0,0,0,Demand_Only
539871420085,0,1,0,0,Inventory_Only
539873040024,0,1,0,0,Inventory_Only
539873330026,1,0,0,0,Demand_Only
539874680021,0,1,0,0,Inventory_Only
539874750023,0,1,0,0,Inventory_Only
539874800040,1,0,0,0,Demand_Only
539874910026,1,0,0,0,Demand_Only
539875640092,1,0,0,0,Demand_Only
539877980027,0,1,0,0,Inventory_Only
539880100195,1,0,0,0,Demand_Only
539880100201,1,0,0,0,Demand_Only
539880410093,1,0,0,0,Demand_Only
539881210026,1,0,0,0,Demand_Only
539881380023,1,0,0,0,Demand_Only
539882000027,1,0,0,0,Demand_Only
539882430034,0,1,0,0,Inventory_Only
539882500050,1,0,0,0,Demand_Only
539882810086,1,0,0,0,Demand_Only
539882840017,1,0,0,0,Demand_Only
539883270038,0,1,0,0,Inventory_Only
539883270040,0,1,0,0,Inventory_Only
539883310036,0,1,0,0,Inventory_Only
539883710233,1,0,0,0,Demand_Only
539883710245,1,0,0,0,Demand_Only
539883712230,1,0,0,0,Demand_Only
539883712242,1,0,0,0,Demand_Only
539884450048,0,1,0,0,Inventory_Only
539884870153,1,0,0,0,Demand_Only
539885010196,1,0,0,0,Demand_Only
539885010214,1,0,0,0,Demand_Only
539885010354,1,0,0,0,Demand_Only
539889350020,1,0,0,0,Demand_Only
539890390169,0,1,0,0,Inventory_Only
539891040040,1,0,0,0,Demand_Only
539891680143,0,1,0,0,Inventory_Only
539891700026,0,1,0,0,Inventory_Only
539892130229,1,0,0,0,Demand_Only
539893870208,0,1,0,0,Inventory_Only
539894420030,1,0,0,0,Demand_Only
539894880234,0,1,0,0,Inventory_Only
539896210050,1,0,0,0,Demand_Only
539896390039,1,0,0,0,Demand_Only
539896550020,1,0,0,0,Demand_Only
539896580138,1,0,0,0,Demand_Only
539896771795,0,1,0,0,Inventory_Only
539896830106,1,0,0,0,Demand_Only
539897070703,0,1,0,0,Inventory_Only
539897071045,1,0,0,0,Demand_Only
539897071501,1,0,0,0,Demand_Only
539897100161,0,1,0,0,Inventory_Only
539897230214,0,1,0,0,Inventory_Only
539897500850,1,0,0,0,Demand_Only
539898330277,0,1,0,0,Inventory_Only
539898330289,0,1,0,0,Inventory_Only
539898330307,1,0,0,0,Demand_Only
539898330368,0,1,0,0,Inventory_Only
539898331038,0,1,0,0,Inventory_Only
539898331040,0,1,0,0,Inventory_Only
539898370044,1,0,0,0,Demand_Only
539898460290,0,1,0,0,Inventory_Only
539898480056,1,0,0,0,Demand_Only
539898550022,0,1,0,0,Inventory_Only
540100250020,0,1,0,0,Inventory_Only
540100250032,0,1,0,0,Inventory_Only
541100600029,0,1,0,0,Inventory_Only
541100600030,0,1,0,0,Inventory_Only
541100600042,0,1,0,0,Inventory_Only
541100600054,0,1,0,0,Inventory_Only
542120120050,1,0,0,0,Demand_Only
542218881207,1,0,0,0,Demand_Only
542223081118,1,0,0,0,Demand_Only
542223081155,1,0,0,0,Demand_Only
542223081167,1,0,0,0,Demand_Only
54252222,0,0,0,1,Criticality_Only
54253561,1,0,1,1,Partial_Match
542620470036,1,0,0,0,Demand_Only
542620470048,1,0,0,0,Demand_Only
542620470127,1,0,0,0,Demand_Only
543000010147,1,0,0,0,Demand_Only
543100020163,1,0,0,0,Demand_Only
543500010409,1,0,0,0,Demand_Only
543500010513,1,0,0,0,Demand_Only
543500011244,1,0,0,0,Demand_Only
543500011256,1,0,0,0,Demand_Only
543500020713,1,0,0,0,Demand_Only
543500021456,0,1,0,0,Inventory_Only
543600010201,1,0,0,0,Demand_Only
543600010754,1,0,0,0,Demand_Only
543600010766,1,0,0,0,Demand_Only
543600011473,0,1,0,0,Inventory_Only
54360031,1,0,0,0,Demand_Only
54360092,1,0,0,0,Demand_Only
544100020290,1,0,0,0,Demand_Only
544100020642,1,0,0,0,Demand_Only
544100020678,1,0,0,0,Demand_Only
544100420024,1,0,0,0,Demand_Only
545200100040,1,0,0,0,Demand_Only
545400980587,0,1,0,0,Inventory_Only
545401070037,1,0,0,0,Demand_Only
545500010663,1,0,0,0,Demand_Only
549003040041,0,1,0,0,Inventory_Only
549005510050,1,0,0,0,Demand_Only
549005641775,1,0,0,0,Demand_Only
549005791384,0,1,0,0,Inventory_Only
549005791396,0,1,0,0,Inventory_Only
549005791499,1,0,0,0,Demand_Only
549006091114,1,0,0,0,Demand_Only
549006110030,1,0,0,0,Demand_Only
549006470022,1,0,0,0,Demand_Only
549006530948,1,0,0,0,Demand_Only
549006531011,0,1,0,0,Inventory_Only
549007060034,1,0,0,0,Demand_Only
549007060046,1,0,0,0,Demand_Only
549007201092,1,0,0,0,Demand_Only
549007601525,1,0,0,0,Demand_Only
549007661170,1,0,0,0,Demand_Only
549008310204,1,0,0,0,Demand_Only
549008310216,1,0,0,0,Demand_Only
549008660082,0,1,0,0,Inventory_Only
549008670040,0,1,0,0,Inventory_Only
549012320014,1,0,0,0,Demand_Only
549801610122,1,0,0,0,Demand_Only
549801610584,1,0,0,0,Demand_Only
549801620085,1,0,0,0,Demand_Only
549900290300,0,1,0,0,Inventory_Only
549900290312,0,1,0,0,Inventory_Only
549900290336,0,1,0,0,Inventory_Only
549900290348,0,1,0,0,Inventory_Only
549900290350,0,1,0,0,Inventory_Only
549900740020,0,1,0,0,Inventory_Only
551200010789,1,0,0,0,Demand_Only
551200011083,1,0,0,0,Demand_Only
551200012269,1,0,0,0,Demand_Only
553000022927,0,1,0,0,Inventory_Only
553000050339,1,0,0,0,Demand_Only
553000110026,1,0,0,0,Demand_Only
555400100071,1,0,0,0,Demand_Only
555400100083,1,0,0,0,Demand_Only
555400100095,1,0,0,0,Demand_Only
555400100101,1,0,0,0,Demand_Only
555400100113,1,0,0,0,Demand_Only
555400100125,1,0,0,0,Demand_Only
555400100137,1,0,0,0,Demand_Only
555400100149,1,0,0,0,Demand_Only
555400100150,1,0,0,0,Demand_Only
555400100162,1,0,0,0,Demand_Only
555400100174,1,0,0,0,Demand_Only
555400100186,1,0,0,0,Demand_Only
555400100198,1,0,0,0,Demand_Only
555400100204,1,0,0,0,Demand_Only
555400100307,1,0,0,0,Demand_Only
555400150025,1,0,0,0,Demand_Only
555400490020,0,1,0,0,Inventory_Only
555400960023,1,0,0,0,Demand_Only
555500020073,1,0,0,0,Demand_Only
556302870142,1,0,0,0,Demand_Only
556302890025,1,0,0,0,Demand_Only
559000820114,0,1,0,0,Inventory_Only
559000990020,1,0,0,0,Demand_Only
559002150021,1,0,0,0,Demand_Only
559003640081,1,0,0,0,Demand_Only
559003640111,1,0,0,0,Demand_Only
559003640123,1,0,0,0,Demand_Only
559003640135,1,0,0,0,Demand_Only
559005960030,0,1,0,0,Inventory_Only
559005960054,0,1,0,0,Inventory_Only
559006210050,0,1,0,0,Inventory_Only
559006210073,1,0,0,0,Demand_Only
559006510160,0,1,0,0,Inventory_Only
560100580056,1,0,0,0,Demand_Only
560400012175,1,0,0,0,Demand_Only
560400022521,1,0,0,0,Demand_Only
560400022790,1,0,0,0,Demand_Only
560400023902,1,0,0,0,Demand_Only
560400024268,1,0,0,0,Demand_Only
560400024281,1,0,0,0,Demand_Only
560400025212,1,0,0,0,Demand_Only
560400025224,1,0,0,0,Demand_Only
560400026514,1,0,0,0,Demand_Only
560400032540,1,0,0,0,Demand_Only
560400160048,1,0,0,0,Demand_Only
560400170030,1,0,0,0,Demand_Only
560400182081,1,0,0,0,Demand_Only
560400182093,1,0,0,0,Demand_Only
560400200046,1,0,0,0,Demand_Only
560400211135,1,0,0,0,Demand_Only
560400211147,1,0,0,0,Demand_Only
560400211329,1,0,0,0,Demand_Only
560400220033,1,0,0,0,Demand_Only
560400240615,1,0,0,0,Demand_Only
560400252563,1,0,0,0,Demand_Only
560401100023,1,0,0,0,Demand_Only
560401110090,1,0,0,0,Demand_Only
560402724117,1,0,0,0,Demand_Only
560402730129,0,1,0,0,Inventory_Only
560402822796,1,0,0,0,Demand_Only
560402860578,1,0,0,0,Demand_Only
560402860580,1,0,0,0,Demand_Only
560402860591,1,0,0,0,Demand_Only
560402860815,1,0,0,0,Demand_Only
560402860839,1,0,0,0,Demand_Only
560402890273,1,0,0,0,Demand_Only
560402890297,1,0,0,0,Demand_Only
560402890303,1,0,0,0,Demand_Only
560402890315,1,0,0,0,Demand_Only
560402890534,1,0,0,0,Demand_Only
560402900096,1,0,0,0,Demand_Only
560402900175,1,0,0,0,Demand_Only
560402911963,1,0,0,0,Demand_Only
560402912165,1,0,0,0,Demand_Only
560402912177,1,0,0,0,Demand_Only
560402912220,1,0,0,0,Demand_Only
560402912256,1,0,0,0,Demand_Only
560402912270,1,0,0,0,Demand_Only
560402912281,1,0,0,0,Demand_Only
560402912311,1,0,0,0,Demand_Only
560402912323,1,0,0,0,Demand_Only
560402912335,1,0,0,0,Demand_Only
560402912347,1,0,0,0,Demand_Only
560402923527,1,0,0,0,Demand_Only
560403020067,1,0,0,0,Demand_Only
560403020079,1,0,0,0,Demand_Only
560403020353,1,0,0,0,Demand_Only
560403020365,1,0,0,0,Demand_Only
560403020377,1,0,0,0,Demand_Only
560403020389,1,0,0,0,Demand_Only
560403082085,1,0,0,0,Demand_Only
560403082322,1,0,0,0,Demand_Only
560403161490,1,0,0,0,Demand_Only
560403161507,1,0,0,0,Demand_Only
560403161635,1,0,0,0,Demand_Only
560403161647,1,0,0,0,Demand_Only
560403161659,1,0,0,0,Demand_Only
560403161660,1,0,0,0,Demand_Only
560403161672,1,0,0,0,Demand_Only
560403181208,1,0,0,0,Demand_Only
560403320063,1,0,0,0,Demand_Only
560403461229,0,1,0,0,Inventory_Only
560403500030,1,0,0,0,Demand_Only
560403610030,1,0,0,0,Demand_Only
560403610077,1,0,0,0,Demand_Only
560403610089,1,0,0,0,Demand_Only
560403680160,1,0,0,0,Demand_Only
560403681886,0,1,0,0,Inventory_Only
560403681989,0,1,0,0,Inventory_Only
560403820199,1,0,0,0,Demand_Only
560403820205,1,0,0,0,Demand_Only
560404002243,1,0,0,0,Demand_Only
560404050330,1,0,0,0,Demand_Only
560404060115,1,0,0,0,Demand_Only
560404260141,1,0,0,0,Demand_Only
560404662516,1,0,0,0,Demand_Only
560404820020,1,0,0,0,Demand_Only
560405010016,1,0,0,0,Demand_Only
560405150136,1,0,0,0,Demand_Only
560405582322,1,0,0,0,Demand_Only
560406180252,1,0,0,0,Demand_Only
560406180264,1,0,0,0,Demand_Only
560406180276,1,0,0,0,Demand_Only
560406200056,1,0,0,0,Demand_Only
560406420020,1,0,0,0,Demand_Only
560406430025,1,0,0,0,Demand_Only
560406470047,1,0,0,0,Demand_Only
560406490058,1,0,0,0,Demand_Only
560406520026,1,0,0,0,Demand_Only
560406900054,1,0,0,0,Demand_Only
560406910072,1,0,0,0,Demand_Only
560406910084,1,0,0,0,Demand_Only
560406910096,1,0,0,0,Demand_Only
560406920041,1,0,0,0,Demand_Only
560407090064,1,0,0,0,Demand_Only
560407690031,1,0,0,0,Demand_Only
560408420497,1,0,0,0,Demand_Only
560408420527,1,0,0,0,Demand_Only
560408420620,1,0,0,0,Demand_Only
560408420631,1,0,0,0,Demand_Only
560412050036,1,0,0,0,Demand_Only
560412070035,1,0,0,0,Demand_Only
560412070047,1,0,0,0,Demand_Only
560412940029,1,0,0,0,Demand_Only
560412960041,1,0,0,0,Demand_Only
560413820032,1,0,0,0,Demand_Only
560414660036,1,0,0,0,Demand_Only
560416370062,1,0,0,0,Demand_Only
560600018677,0,1,0,0,Inventory_Only
56060002,1,0,0,1,Partial_Match
560600028397,1,0,0,0,Demand_Only
560600046685,1,0,0,0,Demand_Only
560600046764,1,0,0,0,Demand_Only
560600066325,1,0,0,0,Demand_Only
560600098247,1,0,0,0,Demand_Only
560600098594,1,0,0,0,Demand_Only
560600099124,1,0,0,0,Demand_Only
560601135847,1,0,0,0,Demand_Only
560601140041,1,0,0,0,Demand_Only
560601181638,1,0,0,0,Demand_Only
560601240023,1,0,0,0,Demand_Only
560601240140,1,0,0,0,Demand_Only
560601307440,1,0,0,0,Demand_Only
560601365117,1,0,0,0,Demand_Only
560601365210,1,0,0,0,Demand_Only
560601471320,1,0,0,0,Demand_Only
560601471446,1,0,0,0,Demand_Only
560601596188,1,0,0,0,Demand_Only
560601647378,1,0,0,0,Demand_Only
560601907157,1,0,0,0,Demand_Only
560601982623,1,0,0,0,Demand_Only
560602423289,1,0,0,0,Demand_Only
560602905521,1,0,0,0,Demand_Only
560602960015,1,0,0,0,Demand_Only
560603050043,1,0,0,0,Demand_Only
560603087327,1,0,0,0,Demand_Only
560603087492,1,0,0,0,Demand_Only
560603257841,1,0,0,0,Demand_Only
560603390036,0,1,0,0,Inventory_Only
560603406263,1,0,0,0,Demand_Only
560603477403,0,1,0,0,Inventory_Only
560603663314,1,0,0,0,Demand_Only
560603663326,1,0,0,0,Demand_Only
560603670057,1,0,0,0,Demand_Only
560604104140,1,0,0,0,Demand_Only
560604104229,1,0,0,0,Demand_Only
560604185620,1,0,0,0,Demand_Only
560604185631,1,0,0,0,Demand_Only
560604185874,1,0,0,0,Demand_Only
560604186131,1,0,0,0,Demand_Only
560604186143,1,0,0,0,Demand_Only
560604295813,1,0,0,0,Demand_Only
560604296362,1,0,0,0,Demand_Only
560604545763,0,1,0,0,Inventory_Only
560604545830,1,0,0,0,Demand_Only
560604970024,1,0,0,0,Demand_Only
560604970097,1,0,0,0,Demand_Only
560605006124,0,1,0,0,Inventory_Only
560605284574,1,0,0,0,Demand_Only
560605305127,1,0,0,0,Demand_Only
560605500088,1,0,0,0,Demand_Only
560605636491,1,0,0,0,Demand_Only
560605790029,1,0,0,0,Demand_Only
560605830027,1,0,0,0,Demand_Only
560606270066,0,1,0,0,Inventory_Only
560606310027,1,0,0,0,Demand_Only
560606600029,1,0,0,0,Demand_Only
560606610254,1,0,0,0,Demand_Only
560607000034,1,0,0,0,Demand_Only
560607046599,1,0,0,0,Demand_Only
560607080029,1,0,0,0,Demand_Only
560607110101,1,0,0,0,Demand_Only
560607460045,1,0,0,0,Demand_Only
560608650073,0,1,0,0,Inventory_Only
560609080021,1,0,0,0,Demand_Only
560609080033,1,0,0,0,Demand_Only
560609140066,1,0,0,0,Demand_Only
560609580030,1,0,0,0,Demand_Only
560609720149,1,0,0,0,Demand_Only
560609830113,1,0,0,0,Demand_Only
560610480321,1,0,0,0,Demand_Only
560610480333,1,0,0,0,Demand_Only
560610480345,1,0,0,0,Demand_Only
560610600065,1,0,0,0,Demand_Only
560610640026,0,1,0,0,Inventory_Only
560610880130,1,0,0,0,Demand_Only
560611710036,1,0,0,0,Demand_Only
560612520073,0,1,0,0,Inventory_Only
560612520681,1,0,0,0,Demand_Only
560613020047,1,0,0,0,Demand_Only
560613030028,1,0,0,0,Demand_Only
560613050027,1,0,0,0,Demand_Only
560613610045,1,0,0,0,Demand_Only
560613610057,1,0,0,0,Demand_Only
560613610069,1,0,0,0,Demand_Only
560613610070,1,0,0,0,Demand_Only
560613610082,1,0,0,0,Demand_Only
560614200069,0,1,0,0,Inventory_Only
560614200161,0,1,0,0,Inventory_Only
560618310155,1,0,0,0,Demand_Only
560623880422,1,0,0,0,Demand_Only
560623880434,1,0,0,0,Demand_Only
560629240029,0,1,0,0,Inventory_Only
560629410026,1,0,0,0,Demand_Only
560800130618,1,0,0,0,Demand_Only
560800130709,1,0,0,0,Demand_Only
560800130801,1,0,0,0,Demand_Only
560800131118,1,0,0,0,Demand_Only
560800150253,1,0,0,0,Demand_Only
560800150400,1,0,0,0,Demand_Only
560800310566,0,1,0,0,Inventory_Only
560800820064,1,0,0,0,Demand_Only
561100193357,0,1,0,0,Inventory_Only
561100196700,0,1,0,0,Inventory_Only
561100196711,0,1,0,0,Inventory_Only
56110029,1,0,0,0,Demand_Only
561100610254,0,1,0,0,Inventory_Only
561100610631,0,1,0,0,Inventory_Only
561100820029,0,1,0,0,Inventory_Only
561101410169,0,1,0,0,Inventory_Only
561183521801,1,0,0,0,Demand_Only
56119033,1,0,1,1,Partial_Match
56119537,1,0,1,1,Partial_Match
561195541320,0,1,0,0,Inventory_Only
561195541757,0,1,0,0,Inventory_Only
561195810069,1,0,0,0,Demand_Only
561195901105,0,1,0,0,Inventory_Only
561195931365,0,1,0,0,Inventory_Only
561195950165,0,1,0,0,Inventory_Only
561195950189,0,1,0,0,Inventory_Only
561196111850,0,1,0,0,Inventory_Only
561196180021,1,0,0,0,Demand_Only
561196700041,0,1,0,0,Inventory_Only
561196700053,0,1,0,0,Inventory_Only
561196700077,0,1,0,0,Inventory_Only
561196730082,1,0,0,0,Demand_Only
561196730094,1,0,0,0,Demand_Only
561196730150,1,0,0,0,Demand_Only
561196840379,0,1,0,0,Inventory_Only
561196840628,0,1,0,0,Inventory_Only
561196841141,0,1,0,0,Inventory_Only
561196960051,0,1,0,0,Inventory_Only
561197050091,0,1,0,0,Inventory_Only
561197050170,0,1,0,0,Inventory_Only
561197150292,0,1,0,0,Inventory_Only
561197230263,0,1,0,0,Inventory_Only
561197230299,0,1,0,0,Inventory_Only
561197230354,0,1,0,0,Inventory_Only
561197240050,0,1,0,0,Inventory_Only
561197240086,0,1,0,0,Inventory_Only
561197390023,0,1,0,0,Inventory_Only
561197450238,0,1,0,0,Inventory_Only
561197530131,0,1,0,0,Inventory_Only
561197530143,0,1,0,0,Inventory_Only
561197890093,0,1,0,0,Inventory_Only
561197900098,0,1,0,0,Inventory_Only
561197980288,0,1,0,0,Inventory_Only
561197990166,0,1,0,0,Inventory_Only
561198090023,0,1,0,0,Inventory_Only
561198280055,0,1,0,0,Inventory_Only
561198320168,0,1,0,0,Inventory_Only
561198350264,0,1,0,0,Inventory_Only
561198350732,0,1,0,0,Inventory_Only
561198350768,0,1,0,0,Inventory_Only
561198420096,0,1,0,0,Inventory_Only
561198730097,0,1,0,0,Inventory_Only
561199220029,0,1,0,0,Inventory_Only
561199260027,0,1,0,0,Inventory_Only
561199380148,0,1,0,0,Inventory_Only
561199820045,0,1,0,0,Inventory_Only
561300052071,1,0,0,0,Demand_Only
561300090655,0,1,0,0,Inventory_Only
561300651264,1,0,0,0,Demand_Only
561300652270,1,0,0,0,Demand_Only
561300652281,1,0,0,0,Demand_Only
561300652293,1,0,0,0,Demand_Only
561300652300,1,0,0,0,Demand_Only
561300652311,1,0,0,0,Demand_Only
561300672279,1,0,0,0,Demand_Only
561300672991,0,1,0,0,Inventory_Only
561300850030,1,0,0,0,Demand_Only
561300961344,1,0,0,0,Demand_Only
561301300025,1,0,0,0,Demand_Only
561302180039,1,0,0,0,Demand_Only
561302440049,1,0,0,0,Demand_Only
561303240020,1,0,0,0,Demand_Only
561548500026,1,0,0,0,Demand_Only
56160010,1,0,0,0,Demand_Only
56160100,1,0,0,1,Partial_Match
56160112,0,0,0,1,Criticality_Only
561620290801,1,0,0,0,Demand_Only
561620291568,1,0,0,0,Demand_Only
56163034,1,0,1,1,Partial_Match
561800840049,1,0,0,0,Demand_Only
561800850031,1,0,0,0,Demand_Only
561800850043,1,0,0,0,Demand_Only
561800880035,1,0,0,0,Demand_Only
562200010107,1,0,0,0,Demand_Only
562200010272,1,0,0,0,Demand_Only
562205030091,1,0,0,0,Demand_Only
56220509,1,0,0,0,Demand_Only
562300060110,0,1,0,0,Inventory_Only
563000011681,1,0,0,0,Demand_Only
563000011784,1,0,0,0,Demand_Only
563000011899,1,0,0,0,Demand_Only
563000014256,1,0,0,0,Demand_Only
563000014475,1,0,0,0,Demand_Only
563000041030,1,0,0,0,Demand_Only
563000041041,1,0,0,0,Demand_Only
563000200301,1,0,0,0,Demand_Only
563000220026,1,0,0,0,Demand_Only
563001040068,0,1,0,0,Inventory_Only
563003040047,1,0,0,0,Demand_Only
563003040059,1,0,0,0,Demand_Only
56301571,1,0,0,0,Demand_Only
56301704,1,0,0,1,Partial_Match
563045770362,1,0,0,0,Demand_Only
563045770386,1,0,0,0,Demand_Only
563045770398,1,0,0,0,Demand_Only
563045831351,1,0,0,0,Demand_Only
563045831600,1,0,0,0,Demand_Only
563045831673,1,0,0,0,Demand_Only
563045831843,1,0,0,0,Demand_Only
563045832045,1,0,0,0,Demand_Only
563045832940,1,0,0,0,Demand_Only
563045833177,1,0,0,0,Demand_Only
563045841289,1,0,0,0,Demand_Only
563045881664,1,0,0,0,Demand_Only
563046150136,1,0,0,0,Demand_Only
563046150185,1,0,0,0,Demand_Only
563046660023,1,0,0,0,Demand_Only
563047180021,1,0,0,0,Demand_Only
563047180100,1,0,0,0,Demand_Only
564200100052,1,0,0,0,Demand_Only
564200100064,1,0,0,0,Demand_Only
564400020027,1,0,0,0,Demand_Only
56450217,1,0,1,1,Partial_Match
56450229,1,0,1,1,Partial_Match
56451027,1,0,1,1,Partial_Match
56452032,1,0,0,0,Demand_Only
564601280028,1,0,0,0,Demand_Only
564601280030,1,0,0,0,Demand_Only
564601280041,1,0,0,0,Demand_Only
564601280053,1,0,0,0,Demand_Only
564601280065,1,0,0,0,Demand_Only
56462050,1,0,1,1,Partial_Match
56468027,1,0,1,1,Partial_Match
564680270025,1,0,0,0,Demand_Only
56468039,1,0,1,1,Partial_Match
56468040,1,0,1,1,Partial_Match
56468052,1,0,1,1,Partial_Match
56468064,1,0,1,1,Partial_Match
564680670957,1,0,0,0,Demand_Only
564680670969,1,0,0,0,Demand_Only
564680710025,1,0,0,0,Demand_Only
564681260258,1,0,0,0,Demand_Only
564681480600,1,0,0,0,Demand_Only
564681510184,1,0,0,0,Demand_Only
564682030017,1,0,0,0,Demand_Only
564682260023,0,1,0,0,Inventory_Only
564700410030,1,0,0,0,Demand_Only
564800570031,1,0,0,0,Demand_Only
565000024089,1,0,0,0,Demand_Only
565000075590,1,0,0,0,Demand_Only
565000075991,1,0,0,0,Demand_Only
565000077252,1,0,0,0,Demand_Only
565000077264,1,0,0,0,Demand_Only
56500026,1,0,0,0,Demand_Only
565001250050,1,0,0,0,Demand_Only
565001310082,1,0,0,0,Demand_Only
56500142,1,0,0,0,Demand_Only
565001664396,1,0,0,0,Demand_Only
56500350,1,0,1,1,Partial_Match
56500361,1,0,0,0,Demand_Only
56500452,1,0,0,0,Demand_Only
56500464,1,0,0,0,Demand_Only
56501006,1,0,1,1,Partial_Match
56501018,1,0,1,1,Partial_Match
56502540,1,0,1,1,Partial_Match
56502576,1,0,1,1,Partial_Match
565025904930,1,0,0,0,Demand_Only
56502606,1,0,1,1,Partial_Match
56505959,0,0,0,1,Criticality_Only
56506740,1,0,0,0,Demand_Only
56507069,1,0,0,0,Demand_Only
56507641,1,0,1,1,Partial_Match
56508116,1,0,0,0,Demand_Only
56509376,1,0,1,1,Partial_Match
56509388,1,0,1,1,Partial_Match
565094315966,1,0,0,0,Demand_Only
565094316200,1,0,0,0,Demand_Only
565094320354,1,0,0,0,Demand_Only
565094341825,1,0,0,0,Demand_Only
565094341898,1,0,0,0,Demand_Only
565094353300,0,1,0,0,Inventory_Only
565094395007,1,0,0,0,Demand_Only
565094396371,1,0,0,0,Demand_Only
565094396486,1,0,0,0,Demand_Only
565094396498,1,0,0,0,Demand_Only
565094396504,1,0,0,0,Demand_Only
565094398458,1,0,0,0,Demand_Only
565094399165,1,0,0,0,Demand_Only
565094803572,1,0,0,0,Demand_Only
565094803584,1,0,0,0,Demand_Only
565094803845,1,0,0,0,Demand_Only
565094804369,1,0,0,0,Demand_Only
565094804370,1,0,0,0,Demand_Only
565094804382,1,0,0,0,Demand_Only
565094804400,1,0,0,0,Demand_Only
565094804412,1,0,0,0,Demand_Only
565094804424,1,0,0,0,Demand_Only
565094804436,1,0,0,0,Demand_Only
565094804448,1,0,0,0,Demand_Only
565094804450,1,0,0,0,Demand_Only
565094804461,1,0,0,0,Demand_Only
565094815203,1,0,0,0,Demand_Only
565094815835,0,1,0,0,Inventory_Only
565094825567,1,0,0,0,Demand_Only
565094825890,1,0,0,0,Demand_Only
565094826808,1,0,0,0,Demand_Only
565094828441,1,0,0,0,Demand_Only
565094828647,1,0,0,0,Demand_Only
56509686,0,0,0,1,Criticality_Only
56509935,1,0,0,0,Demand_Only
56509959,1,0,1,1,Partial_Match
56509960,1,0,1,1,Partial_Match
565099653138,1,0,0,0,Demand_Only
565099653266,1,0,0,0,Demand_Only
565099653278,1,0,0,0,Demand_Only
565099653321,1,0,0,0,Demand_Only
565099653461,1,0,0,0,Demand_Only
565099663624,1,0,0,0,Demand_Only
565099844813,1,0,0,0,Demand_Only
565099844825,1,0,0,0,Demand_Only
565099844849,1,0,0,0,Demand_Only
565099950054,1,0,0,0,Demand_Only
565100012838,1,0,0,0,Demand_Only
565100013193,1,0,0,0,Demand_Only
565100013200,1,0,0,0,Demand_Only
565100013211,1,0,0,0,Demand_Only
565100013223,1,0,0,0,Demand_Only
565100013235,1,0,0,0,Demand_Only
565100013247,1,0,0,0,Demand_Only
565100013259,1,0,0,0,Demand_Only
565100013661,1,0,0,0,Demand_Only
565100013673,1,0,0,0,Demand_Only
565100013685,1,0,0,0,Demand_Only
565100013697,1,0,0,0,Demand_Only
565100013703,1,0,0,0,Demand_Only
565100013995,1,0,0,0,Demand_Only
565100014987,1,0,0,0,Demand_Only
565100920603,1,0,0,0,Demand_Only
565100920627,1,0,0,0,Demand_Only
56511516,0,0,0,1,Criticality_Only
565172843959,1,0,0,0,Demand_Only
565172844319,1,0,0,0,Demand_Only
565172845385,1,0,0,0,Demand_Only
565172845397,1,0,0,0,Demand_Only
565172845439,1,0,0,0,Demand_Only
565172845440,1,0,0,0,Demand_Only
565172848234,0,1,0,0,Inventory_Only
565172848313,0,1,0,0,Inventory_Only
565172853060,1,0,0,0,Demand_Only
565197991932,1,0,0,0,Demand_Only
565198082125,1,0,0,0,Demand_Only
565198082137,1,0,0,0,Demand_Only
565198092921,1,0,0,0,Demand_Only
565198093123,1,0,0,0,Demand_Only
565198200031,1,0,0,0,Demand_Only
565198200043,1,0,0,0,Demand_Only
565198200055,1,0,0,0,Demand_Only
565198200067,1,0,0,0,Demand_Only
565198200079,1,0,0,0,Demand_Only
565198272730,1,0,0,0,Demand_Only
565198332774,1,0,0,0,Demand_Only
565198350028,0,1,0,0,Inventory_Only
565198382364,1,0,0,0,Demand_Only
565198460028,1,0,0,0,Demand_Only
565198460030,1,0,0,0,Demand_Only
565198460089,1,0,0,0,Demand_Only
565198792645,1,0,0,0,Demand_Only
565199032580,1,0,0,0,Demand_Only
565199280022,1,0,0,0,Demand_Only
565199410203,0,1,0,0,Inventory_Only
565199410343,1,0,0,0,Demand_Only
565199410379,0,1,0,0,Inventory_Only
565199470121,1,0,0,0,Demand_Only
567900058715,1,0,0,0,Demand_Only
567900117161,1,0,0,0,Demand_Only
567900117173,1,0,0,0,Demand_Only
567900117185,1,0,0,0,Demand_Only
567900117215,1,0,0,0,Demand_Only
567900388272,1,0,0,0,Demand_Only
567900418914,1,0,0,0,Demand_Only
567900444834,1,0,0,0,Demand_Only
567900616750,1,0,0,0,Demand_Only
567900698091,1,0,0,0,Demand_Only
567900698108,1,0,0,0,Demand_Only
567900698169,1,0,0,0,Demand_Only
567900698170,1,0,0,0,Demand_Only
567900698182,1,0,0,0,Demand_Only
567900698194,1,0,0,0,Demand_Only
567900778992,1,0,0,0,Demand_Only
567900779194,1,0,0,0,Demand_Only
567900779911,1,0,0,0,Demand_Only
567900808704,1,0,0,0,Demand_Only
567900808716,1,0,0,0,Demand_Only
567901067633,0,1,0,0,Inventory_Only
567901800040,1,0,0,0,Demand_Only
567902700064,0,1,0,0,Inventory_Only
567903070027,1,0,0,0,Demand_Only
567903810023,0,1,0,0,Inventory_Only
567904138020,1,0,0,0,Demand_Only
567904397905,1,0,0,0,Demand_Only
567904517790,1,0,0,0,Demand_Only
567904517807,1,0,0,0,Demand_Only
567906940021,1,0,0,0,Demand_Only
567907000020,1,0,0,0,Demand_Only
567907850052,0,1,0,0,Inventory_Only
567907930023,0,1,0,0,Inventory_Only
567908369072,1,0,0,0,Demand_Only
567908486994,1,0,0,0,Demand_Only
567909490026,1,0,0,0,Demand_Only
567909900022,1,0,0,0,Demand_Only
567910410020,1,0,0,0,Demand_Only
567911279128,0,1,0,0,Inventory_Only
567912100021,1,0,0,0,Demand_Only
567912210185,1,0,0,0,Demand_Only
567912210197,1,0,0,0,Demand_Only
567912210203,1,0,0,0,Demand_Only
567912410010,1,0,0,0,Demand_Only
567912420015,1,0,0,0,Demand_Only
567912550075,1,0,0,0,Demand_Only
567913080042,1,0,0,0,Demand_Only
567913080091,1,0,0,0,Demand_Only
567913080108,1,0,0,0,Demand_Only
567913080110,1,0,0,0,Demand_Only
567913210030,1,0,0,0,Demand_Only
567913220022,1,0,0,0,Demand_Only
567913220034,1,0,0,0,Demand_Only
567913440125,1,0,0,0,Demand_Only
567913440150,1,0,0,0,Demand_Only
567913440162,1,0,0,0,Demand_Only
567914940040,1,0,0,0,Demand_Only
567916080028,0,1,0,0,Inventory_Only
567917930020,1,0,0,0,Demand_Only
567918190044,1,0,0,0,Demand_Only
567919200197,1,0,0,0,Demand_Only
567919520027,1,0,0,0,Demand_Only
567919640033,1,0,0,0,Demand_Only
567919890025,1,0,0,0,Demand_Only
567921160020,1,0,0,0,Demand_Only
567921890045,1,0,0,0,Demand_Only
567922200024,1,0,0,0,Demand_Only
567924600080,1,0,0,0,Demand_Only
567928010026,1,0,0,0,Demand_Only
567928020020,1,0,0,0,Demand_Only
569001120070,1,0,0,0,Demand_Only
569001120112,0,1,0,0,Inventory_Only
569001120124,0,1,0,0,Inventory_Only
569001120136,0,1,0,0,Inventory_Only
569001120203,0,1,0,0,Inventory_Only
569001220027,1,0,0,0,Demand_Only
569001230021,1,0,0,0,Demand_Only
569001230033,1,0,0,0,Demand_Only
569001240026,1,0,0,0,Demand_Only
569001250020,1,0,0,0,Demand_Only
569001340057,1,0,0,0,Demand_Only
569001340069,1,0,0,0,Demand_Only
569001340070,1,0,0,0,Demand_Only
569001340082,1,0,0,0,Demand_Only
569001340094,1,0,0,0,Demand_Only
569001370025,1,0,0,0,Demand_Only
569001370037,1,0,0,0,Demand_Only
569001370049,1,0,0,0,Demand_Only
569001370050,1,0,0,0,Demand_Only
569001370062,1,0,0,0,Demand_Only
569001370074,1,0,0,0,Demand_Only
569001370086,1,0,0,0,Demand_Only
569001520060,1,0,0,0,Demand_Only
569001520072,1,0,0,0,Demand_Only
569001520084,1,0,0,0,Demand_Only
569001570026,1,0,0,0,Demand_Only
569001570063,1,0,0,0,Demand_Only
569001580056,1,0,0,0,Demand_Only
569001620066,1,0,0,0,Demand_Only
569001620078,1,0,0,0,Demand_Only
569001890021,1,0,0,0,Demand_Only
569001890033,1,0,0,0,Demand_Only
569001890045,1,0,0,0,Demand_Only
569001890057,1,0,0,0,Demand_Only
569001930020,1,0,0,0,Demand_Only
569001970028,1,0,0,0,Demand_Only
569002040021,1,0,0,0,Demand_Only
569002491213,1,0,0,0,Demand_Only
569002650042,0,1,0,0,Inventory_Only
569003010073,1,0,0,0,Demand_Only
569003010085,1,0,0,0,Demand_Only
569003010103,1,0,0,0,Demand_Only
569003010693,0,1,0,0,Inventory_Only
569003011284,1,0,0,0,Demand_Only
569003011545,1,0,0,0,Demand_Only
569003030023,1,0,0,0,Demand_Only
569003030035,1,0,0,0,Demand_Only
569003031210,1,0,0,0,Demand_Only
569003510057,1,0,0,0,Demand_Only
569003520038,1,0,0,0,Demand_Only
569003530032,1,0,0,0,Demand_Only
569003530044,1,0,0,0,Demand_Only
569003540050,1,0,0,0,Demand_Only
569003550031,1,0,0,0,Demand_Only
569003560048,1,0,0,0,Demand_Only
569003570030,1,0,0,0,Demand_Only
569003580035,1,0,0,0,Demand_Only
569003780024,1,0,0,0,Demand_Only
569003800047,1,0,0,0,Demand_Only
569004200027,0,1,0,0,Inventory_Only
569004330087,1,0,0,0,Demand_Only
569004570074,1,0,0,0,Demand_Only
569005120027,1,0,0,0,Demand_Only
569005130057,0,1,0,0,Inventory_Only
569005130082,0,1,0,0,Inventory_Only
569005150044,0,1,0,0,Inventory_Only
569005150056,0,1,0,0,Inventory_Only
569005400048,0,1,0,0,Inventory_Only
569005440022,1,0,0,0,Demand_Only
569005530114,1,0,0,0,Demand_Only
569006490045,0,1,0,0,Inventory_Only
569006500361,0,1,0,0,Inventory_Only
569006600033,1,0,0,0,Demand_Only
569006940154,1,0,0,0,Demand_Only
569006970020,1,0,0,0,Demand_Only
569007720034,1,0,0,0,Demand_Only
569007730052,1,0,0,0,Demand_Only
569007730064,1,0,0,0,Demand_Only
569007780031,1,0,0,0,Demand_Only
569007780043,1,0,0,0,Demand_Only
569012720211,1,0,0,0,Demand_Only
569016060035,0,1,0,0,Inventory_Only
569016380560,0,1,0,0,Inventory_Only
569016620028,1,0,0,0,Demand_Only
569018890023,1,0,0,0,Demand_Only
569018900028,1,0,0,0,Demand_Only
569019730477,0,1,0,0,Inventory_Only
569019731240,0,1,0,0,Inventory_Only
569019732036,0,1,0,0,Inventory_Only
569019732760,0,1,0,0,Inventory_Only
569019732772,0,1,0,0,Inventory_Only
569020420026,1,0,0,0,Demand_Only
569020690029,1,0,0,0,Demand_Only
569024350020,1,0,0,0,Demand_Only
569024460092,0,1,0,0,Inventory_Only
569024460109,0,1,0,0,Inventory_Only
569025510029,0,1,0,0,Inventory_Only
569027360023,0,1,0,0,Inventory_Only
569027490034,1,0,0,0,Demand_Only
569033660057,1,0,0,0,Demand_Only
569034160032,0,1,0,0,Inventory_Only
569034910045,1,0,0,0,Demand_Only
569034910069,1,0,0,0,Demand_Only
569034910070,1,0,0,0,Demand_Only
569037200028,0,1,0,0,Inventory_Only
569044770013,1,0,0,0,Demand_Only
569047300020,0,1,0,0,Inventory_Only
569049130038,1,0,0,0,Demand_Only
569050170164,0,1,0,0,Inventory_Only
569060390045,1,0,0,0,Demand_Only
569066000022,0,1,0,0,Inventory_Only
569068510027,1,0,0,0,Demand_Only
569069000033,1,0,0,0,Demand_Only
569070440021,1,0,0,0,Demand_Only
569070440033,1,0,0,0,Demand_Only
569800330051,0,1,0,0,Inventory_Only
569804430131,1,0,0,0,Demand_Only
56982252,1,0,0,0,Demand_Only
569839060113,1,0,0,0,Demand_Only
569839060125,1,0,0,0,Demand_Only
569839060332,1,0,0,0,Demand_Only
56985526,0,0,0,1,Criticality_Only
56985800,1,0,0,0,Demand_Only
56986130,1,0,0,0,Demand_Only
56986210,0,0,0,1,Criticality_Only
56987122/56110029,0,0,1,1,Partial_Match
569894370025,1,0,0,0,Demand_Only
569894550039,1,0,0,0,Demand_Only
569894580184,1,0,0,0,Demand_Only
569900780080,1,0,0,0,Demand_Only
569901140024,1,0,0,0,Demand_Only
569901140036,1,0,0,0,Demand_Only
569902250020,1,0,0,0,Demand_Only
569902770052,0,1,0,0,Inventory_Only
569903410020,1,0,0,0,Demand_Only
569903730037,0,1,0,0,Inventory_Only
569903730050,0,1,0,0,Inventory_Only
569905400028,0,1,0,0,Inventory_Only
569911750029,0,1,0,0,Inventory_Only
569911750030,0,1,0,0,Inventory_Only
570100289260,0,1,0,0,Inventory_Only
570100320241,0,1,0,0,Inventory_Only
570100356570,1,0,0,0,Demand_Only
570100421616,0,1,0,0,Inventory_Only
570100421847,1,0,0,0,Demand_Only
570100421859,1,0,0,0,Demand_Only
570100471358,0,1,0,0,Inventory_Only
570100499988,0,1,0,0,Inventory_Only
570100543023,0,1,0,0,Inventory_Only
570100543035,0,1,0,0,Inventory_Only
570100543084,0,1,0,0,Inventory_Only
570100899220,0,1,0,0,Inventory_Only
570100899334,0,1,0,0,Inventory_Only
570100899346,0,1,0,0,Inventory_Only
570101148725,0,1,0,0,Inventory_Only
570101148877,0,1,0,0,Inventory_Only
570101149080,0,1,0,0,Inventory_Only
570101149146,0,1,0,0,Inventory_Only
570101149419,0,1,0,0,Inventory_Only
570101149481,0,1,0,0,Inventory_Only
570101149638,0,1,0,0,Inventory_Only
570101227881,0,1,0,0,Inventory_Only
570101228060,0,1,0,0,Inventory_Only
570101228228,0,1,0,0,Inventory_Only
570101228265,0,1,0,0,Inventory_Only
570101228277,0,1,0,0,Inventory_Only
570101228332,0,1,0,0,Inventory_Only
570101228630,0,1,0,0,Inventory_Only
570101362632,0,1,0,0,Inventory_Only
570101362644,0,1,0,0,Inventory_Only
570101417554,0,1,0,0,Inventory_Only
570101439513,0,1,0,0,Inventory_Only
570101439860,0,1,0,0,Inventory_Only
570101449178,0,1,0,0,Inventory_Only
570101449221,0,1,0,0,Inventory_Only
570101647559,0,1,0,0,Inventory_Only
570101875039,0,1,0,0,Inventory_Only
570101948080,0,1,0,0,Inventory_Only
570101949450,0,1,0,0,Inventory_Only
570102008534,0,1,0,0,Inventory_Only
570102028582,0,1,0,0,Inventory_Only
570102210062,0,1,0,0,Inventory_Only
570102480223,0,1,0,0,Inventory_Only
570102510586,1,0,0,0,Demand_Only
570102815889,0,1,0,0,Inventory_Only
570102927321,0,1,0,0,Inventory_Only
570103150048,0,1,0,0,Inventory_Only
570104010039,0,1,0,0,Inventory_Only
570104060134,0,1,0,0,Inventory_Only
570104300182,0,1,0,0,Inventory_Only
570104480640,0,1,0,0,Inventory_Only
570104790136,1,0,0,0,Demand_Only
570104790252,0,1,0,0,Inventory_Only
570104890040,0,1,0,0,Inventory_Only
570106480059,0,1,0,0,Inventory_Only
570107590080,0,1,0,0,Inventory_Only
570108230022,0,1,0,0,Inventory_Only
570108360513,0,1,0,0,Inventory_Only
570108520036,0,1,0,0,Inventory_Only
570109140030,0,1,0,0,Inventory_Only
570109350060,0,1,0,0,Inventory_Only
570109490283,1,0,0,0,Demand_Only
570109490386,1,0,0,0,Demand_Only
570109490520,1,0,0,0,Demand_Only
570109490714,0,1,0,0,Inventory_Only
570109730026,0,1,0,0,Inventory_Only
570110000024,0,1,0,0,Inventory_Only
570110000036,0,1,0,0,Inventory_Only
570110180051,0,1,0,0,Inventory_Only
570110310025,0,1,0,0,Inventory_Only
570110870468,0,1,0,0,Inventory_Only
570113330035,0,1,0,0,Inventory_Only
570113730025,0,1,0,0,Inventory_Only
570113910027,0,1,0,0,Inventory_Only
570116980028,0,1,0,0,Inventory_Only
570121440132,0,1,0,0,Inventory_Only
570121460076,0,1,0,0,Inventory_Only
570121460210,0,1,0,0,Inventory_Only
570122050039,0,1,0,0,Inventory_Only
570122050131,0,1,0,0,Inventory_Only
570126210025,0,1,0,0,Inventory_Only
570131650240,1,0,0,0,Demand_Only
570131650305,1,0,0,0,Demand_Only
570132251169,0,1,0,0,Inventory_Only
570136210241,0,1,0,0,Inventory_Only
570136210289,0,1,0,0,Inventory_Only
570140712828,1,0,0,0,Demand_Only
570140713948,1,0,0,0,Demand_Only
570143970026,1,0,0,0,Demand_Only
570146570047,0,1,0,0,Inventory_Only
570149350034,0,1,0,0,Inventory_Only
570149350046,0,1,0,0,Inventory_Only
570149350083,0,1,0,0,Inventory_Only
570150100029,0,1,0,0,Inventory_Only
570150950256,0,1,0,0,Inventory_Only
570150950270,0,1,0,0,Inventory_Only
570150950426,1,0,0,0,Demand_Only
570150950530,0,1,0,0,Inventory_Only
570150950542,0,1,0,0,Inventory_Only
570152660014,0,1,0,0,Inventory_Only
570153210454,0,1,0,0,Inventory_Only
570153210466,0,1,0,0,Inventory_Only
570153210582,0,1,0,0,Inventory_Only
570153210788,0,1,0,0,Inventory_Only
570153211197,0,1,0,0,Inventory_Only
570153211239,0,1,0,0,Inventory_Only
570153211276,0,1,0,0,Inventory_Only
570153211409,0,1,0,0,Inventory_Only
570164540070,0,1,0,0,Inventory_Only
570164540082,0,1,0,0,Inventory_Only
570400020032,0,1,0,0,Inventory_Only
570400020044,0,1,0,0,Inventory_Only
570400020070,0,1,0,0,Inventory_Only
570400020081,0,1,0,0,Inventory_Only
570500260144,0,1,0,0,Inventory_Only
572000020026,0,1,0,0,Inventory_Only
572000030020,0,1,0,0,Inventory_Only
572000030044,0,1,0,0,Inventory_Only
572000220039,0,1,0,0,Inventory_Only
572100640040,0,1,0,0,Inventory_Only
572100640051,0,1,0,0,Inventory_Only
609004430022,1,0,0,0,Demand_Only
611600160147,1,0,0,0,Demand_Only
623500140951,1,0,0,0,Demand_Only
623500980059,1,0,0,0,Demand_Only
655701031889,1,0,0,0,Demand_Only
657905100024,1,0,0,0,Demand_Only
67900185,1,0,0,1,Partial_Match
67900203,0,0,0,1,Criticality_Only
71010336,0,1,0,0,Inventory_Only
71010348,0,1,0,0,Inventory_Only
71010350,0,1,0,0,Inventory_Only
71010373,0,1,0,0,Inventory_Only
71010816,0,1,0,0,Inventory_Only
71080326,1,1,0,0,Partial_Match
71080545,1,0,0,0,Demand_Only
72081181,1,0,0,0,Demand_Only
72081181/72207413,0,0,1,1,Partial_Match
721339354568,1,0,0,0,Demand_Only
721437670023,1,0,0,0,Demand_Only
72207413,1,0,0,0,Demand_Only
722434810027,1,0,0,0,Demand_Only
725804740114,1,0,0,0,Demand_Only
725804740126,1,0,0,0,Demand_Only
725804740138,1,0,0,0,Demand_Only
726001400138,1,0,0,0,Demand_Only
726001400205,1,0,0,0,Demand_Only
727901719596,1,0,0,0,Demand_Only
727925380052,1,0,0,0,Demand_Only
750500051065,0,1,0,0,Inventory_Only
750500051375,0,1,0,0,Inventory_Only
752082580126,1,0,0,0,Demand_Only
75544453,0,1,0,0,Inventory_Only
759098204516,0,1,0,0,Inventory_Only
77035136,1,0,0,0,Demand_Only
77091310,1,0,0,0,Demand_Only
77091607,1,0,0,0,Demand_Only
77093306,1,0,0,0,Demand_Only
77110304,1,0,0,0,Demand_Only
771600011349,1,0,0,0,Demand_Only
78010512,1,1,0,0,Partial_Match
781520833527,1,0,0,0,Demand_Only
78210057,0,1,0,0,Inventory_Only
783002169970,0,1,0,0,Inventory_Only
783100870033,1,0,0,0,Demand_Only
787900195071,1,0,0,0,Demand_Only
787902055227,1,0,0,0,Demand_Only
78900785,0,1,0,0,Inventory_Only
789900328123,1,0,0,0,Demand_Only
79010805,1,1,0,0,Partial_Match
79010866,1,1,0,0,Partial_Match
79011640,0,1,0,0,Inventory_Only
790400130034,1,0,0,0,Demand_Only
79045558,1,0,0,0,Demand_Only
79046850,1,0,0,0,Demand_Only
79247957,1,0,0,0,Demand_Only
79315604,1,0,0,0,Demand_Only
79333485,1,1,0,0,Partial_Match
79338677,1,1,0,0,Partial_Match
79339013,0,1,0,0,Inventory_Only
79339293,1,1,0,0,Partial_Match
795100540055,1,0,0,0,Demand_Only
79511843,1,0,0,0,Demand_Only
795900190130,1,0,0,0,Demand_Only
80010714,1,0,0,0,Demand_Only
80090722,1,0,0,0,Demand_Only
81033515,1,1,0,0,Partial_Match
81050264,1,1,0,0,Partial_Match
81050525,0,1,0,0,Inventory_Only
81050999,1,1,0,0,Partial_Match
81052110,0,1,0,0,Inventory_Only
81070317,1,1,0,0,Partial_Match
823000010357,1,0,0,0,Demand_Only
83041849,1,1,0,0,Partial_Match
83049400,1,1,0,0,Partial_Match
83049502,1,1,0,0,Partial_Match
83049526,0,1,0,0,Inventory_Only
83049540,1,1,0,0,Partial_Match
83049861,0,1,0,0,Inventory_Only
83051661,0,1,0,0,Inventory_Only
83054080,0,1,0,0,Inventory_Only
83054110,1,0,0,0,Demand_Only
83055551,0,1,0,0,Inventory_Only
83055563,0,1,0,0,Inventory_Only
83055575,0,1,0,0,Inventory_Only
83055587,0,1,0,0,Inventory_Only
83057213,1,1,0,0,Partial_Match
83057225,1,1,0,0,Partial_Match
83058620,0,1,0,0,Inventory_Only
831100020429,1,0,0,0,Demand_Only
83902314,0,1,0,0,Inventory_Only
83903112,0,1,0,0,Inventory_Only
83904104,1,0,0,0,Demand_Only
83904827,1,1,0,0,Partial_Match
83904839,1,1,0,0,Partial_Match
860130140864,1,0,0,0,Demand_Only
860130141200,1,0,0,0,Demand_Only
861600960026,1,0,0,0,Demand_Only
86900043,1,0,0,0,Demand_Only
869019820032,0,1,0,0,Inventory_Only
869037530032,1,0,0,0,Demand_Only
910100820060,1,0,0,0,Demand_Only
91150401,0,1,1,1,Partial_Match
98210191,1,0,0,0,Demand_Only
NA,1,0,0,0,Demand_Only
hpff7ab010a82bcd916f42dde7bb462cccc3c4e242,1,0,0,0,Demand_Only
